,pred,label
0,3,2
1,3,2
2,1,2
3,3,2
4,3,2
5,3,0
6,3,0
7,3,0
8,3,0
9,3,0
10,3,0
11,1,0
12,3,0
13,3,0
14,3,0
15,3,0
16,3,0
17,3,0
18,1,0
19,3,0
20,3,0
21,3,0
22,3,0
23,3,0
24,3,0
25,3,0
26,3,0
27,3,0
28,3,1
29,3,1
30,3,1
31,3,1
32,3,1
33,3,1
34,3,1
35,3,1
36,1,1
37,3,1
38,3,1
39,3,1
40,3,1
41,1,1
42,3,1
43,3,1
44,3,1
45,3,1
46,3,1
47,3,1
48,3,1
49,3,1
50,3,1
51,3,1
52,3,1
53,1,1
54,1,1
55,1,1
56,3,1
57,3,1
58,1,1
59,3,1
60,1,1
61,1,1
62,3,1
63,3,1
64,1,1
65,1,1
66,1,1
67,1,1
68,1,1
69,1,1
70,1,1
71,1,1
72,1,1
73,1,1
74,1,1
75,1,1
76,1,1
77,1,1
78,1,1
79,1,1
80,3,1
81,3,1
82,1,1
83,1,1
84,1,1
85,1,1
86,1,1
87,1,1
88,1,1
89,1,1
90,1,1
91,1,1
92,1,1
93,1,1
94,1,1
95,1,1
96,1,1
97,1,1
98,1,1
99,1,1
100,1,1
101,1,1
102,1,1
103,1,1
104,1,1
105,1,1
106,1,1
107,1,1
108,1,1
109,1,1
110,3,1
111,1,1
112,1,1
113,1,1
114,1,1
115,1,1
116,1,1
117,1,1
118,1,1
119,1,1
120,1,1
121,1,4
122,1,4
123,3,4
124,1,4
125,1,4
126,1,4
127,1,4
128,1,4
129,1,4
130,1,4
131,3,4
132,3,4
133,3,4
134,3,4
135,3,4
136,1,4
137,3,4
138,3,4
139,2,4
140,3,4
141,3,4
142,3,4
143,3,4
144,3,4
145,3,4
146,3,4
147,1,4
148,3,4
149,3,4
150,3,4
151,3,4
152,3,4
153,3,4
154,3,4
155,3,4
156,3,4
157,3,1
158,3,1
159,3,1
160,3,1
161,3,1
162,3,3
163,1,3
164,3,3
165,3,3
166,1,1
167,3,1
168,1,1
169,3,1
170,3,1
171,1,1
172,3,1
173,3,1
174,3,1
175,3,1
176,3,1
177,3,1
178,3,1
179,3,1
180,3,1
181,1,1
182,3,1
183,3,1
184,3,1
185,3,1
186,3,1
187,3,1
188,3,1
189,3,1
190,3,1
191,3,1
192,3,1
193,3,1
194,3,1
195,3,1
196,3,1
197,3,1
198,3,1
199,3,1
200,3,1
201,3,1
202,3,1
203,1,1
204,1,1
205,3,2
206,1,1
207,3,1
208,3,1
209,3,1
210,3,1
211,3,1
212,3,1
213,1,4
214,3,4
215,1,1
216,1,1
217,1,1
218,1,1
219,1,1
220,3,1
221,3,1
222,1,1
223,1,1
224,3,1
225,1,1
226,3,1
227,1,1
228,1,1
229,1,1
230,3,1
231,1,1
232,3,1
233,3,1
234,3,1
235,1,1
236,3,1
237,3,1
238,1,1
239,1,1
240,3,1
241,3,1
242,3,1
243,3,1
244,3,1
245,3,1
246,3,1
247,3,1
248,3,1
249,3,1
250,3,1
251,3,1
252,1,1
253,3,1
254,3,1
255,3,1
256,3,1
257,1,1
258,3,1
259,3,3
260,1,3
261,1,4
262,3,4
263,3,4
264,3,4
265,3,4
266,3,4
267,1,4
268,3,4
269,3,2
270,3,2
271,1,2
272,1,2
273,3,4
274,3,4
275,3,4
276,3,4
277,3,1
278,3,1
279,3,1
280,3,1
281,3,1
282,3,1
283,3,1
284,3,1
285,1,1
286,3,1
287,3,1
288,3,1
289,3,1
290,2,1
291,1,1
292,3,1
293,3,1
294,3,1
295,3,1
296,3,1
297,3,1
298,3,1
299,3,1
300,3,1
301,3,1
302,3,1
303,3,1
304,3,1
305,3,1
306,3,1
307,3,1
308,3,3
309,3,3
310,3,3
311,1,3
312,3,0
313,3,0
314,3,0
315,3,0
316,3,0
317,3,0
318,3,4
319,3,4
320,3,4
321,3,4
322,3,4
323,3,4
324,3,4
325,3,4
326,3,4
327,2,0
328,2,0
329,3,4
330,3,4
331,3,4
332,3,4
333,3,4
334,3,4
335,3,4
336,3,4
337,3,4
338,3,4
339,3,4
340,3,4
341,2,4
342,2,4
343,3,4
344,3,4
345,3,4
346,3,4
347,3,4
348,3,4
349,3,4
350,3,4
351,3,4
352,3,4
353,2,4
354,2,4
355,3,4
356,3,4
357,3,4
358,3,4
359,3,4
360,3,4
361,2,4
362,3,4
363,2,4
364,2,1
365,3,1
366,3,1
367,3,1
368,3,1
369,3,1
370,3,1
371,3,1
372,3,1
373,3,1
374,3,1
375,3,1
376,3,1
377,3,1
378,3,1
379,3,1
380,3,1
381,3,1
382,3,1
383,3,1
384,3,1
385,3,1
386,3,1
387,3,1
388,3,1
389,3,1
390,1,1
391,1,1
392,3,1
393,3,1
394,3,1
395,3,1
396,3,1
397,3,1
398,1,1
399,3,1
400,1,1
401,3,1
402,3,1
403,3,1
404,3,1
405,3,1
406,1,1
407,1,1
408,3,1
409,1,1
410,1,1
411,3,1
412,3,1
413,3,1
414,3,1
415,1,1
416,1,1
417,1,1
418,3,4
419,3,4
420,3,4
421,3,4
422,3,4
423,3,4
424,1,3
425,3,3
426,3,3
427,3,3
428,3,3
429,3,3
430,3,3
431,3,3
432,3,3
433,3,0
434,3,4
435,3,4
436,3,4
437,3,4
438,3,4
439,2,4
440,2,4
441,1,4
442,2,4
443,3,4
444,3,4
445,3,4
446,2,4
447,3,4
448,3,4
449,3,4
450,3,2
451,3,2
452,3,2
453,3,4
454,3,4
455,3,1
456,3,1
457,3,1
458,3,1
459,3,1
460,1,0
461,3,0
462,3,0
463,1,0
464,1,0
465,3,1
466,3,1
467,3,1
468,1,1
469,1,1
470,1,1
471,1,1
472,3,1
473,3,1
474,3,1
475,1,1
476,1,1
477,1,1
478,3,1
479,3,1
480,1,1
481,1,1
482,1,1
483,1,1
484,1,1
485,1,1
486,1,1
487,1,1
488,3,1
489,1,1
490,1,1
491,1,1
492,1,1
493,1,1
494,3,1
495,1,1
496,1,1
497,1,1
498,1,1
499,1,1
500,1,1
501,1,1
502,1,1
503,1,1
504,3,1
505,1,1
506,1,1
507,1,1
508,1,1
509,1,1
510,1,1
511,1,1
512,3,1
513,1,1
514,1,1
515,1,1
516,1,1
517,1,1
518,1,1
519,1,1
520,1,1
521,1,1
522,3,1
523,3,3
524,1,3
525,1,3
526,1,3
527,1,3
528,1,3
529,1,1
530,1,1
531,1,1
532,1,1
533,1,1
534,1,1
535,1,1
536,1,1
537,1,1
538,1,1
539,1,1
540,1,1
541,1,1
542,1,1
543,1,1
544,1,1
545,1,1
546,1,1
547,1,1
548,1,1
549,1,1
550,1,1
551,1,1
552,1,1
553,1,1
554,1,1
555,1,1
556,1,1
557,1,1
558,1,1
559,1,1
560,1,1
561,1,1
562,1,1
563,1,1
564,1,1
565,1,1
566,1,1
567,1,1
568,1,1
569,1,1
570,1,1
571,1,1
572,1,1
573,1,1
574,1,1
575,1,1
576,1,1
577,1,1
578,1,1
579,1,1
580,1,1
581,1,1
582,1,1
583,1,1
584,1,1
585,1,1
586,1,1
587,1,1
588,1,1
589,1,1
590,1,1
591,3,1
592,1,1
593,1,1
594,1,1
595,2,3
596,1,3
597,1,3
598,1,3
599,1,3
600,1,3
601,1,3
602,1,3
603,1,3
604,1,3
605,3,3
606,1,3
607,3,3
608,1,3
609,1,1
610,1,1
611,1,1
612,1,1
613,1,1
614,1,1
615,1,1
616,3,1
617,1,1
618,1,1
619,1,1
620,1,1
621,1,1
622,1,1
623,1,1
624,1,1
625,1,1
626,1,1
627,1,1
628,1,1
629,1,1
630,1,1
631,3,1
632,1,1
633,3,1
634,3,1
635,1,1
636,3,1
637,1,1
638,3,1
639,1,1
640,1,1
641,3,1
642,1,1
643,3,1
644,1,1
645,1,1
646,1,4
647,1,4
648,1,3
649,1,3
650,3,3
651,1,3
652,1,1
653,3,1
654,1,1
655,1,1
656,1,1
657,1,1
658,1,1
659,1,1
660,1,4
661,3,4
662,1,4
663,1,4
664,1,4
665,1,4
666,3,4
667,3,4
668,3,4
669,1,3
670,3,3
671,3,3
672,3,3
673,3,4
674,3,4
675,3,4
676,3,4
677,3,4
678,1,4
679,2,4
680,3,4
681,3,4
682,3,4
683,3,4
684,1,4
685,3,4
686,3,4
687,2,4
688,3,4
689,2,4
690,2,4
691,3,4
692,1,4
693,3,4
694,3,4
695,2,4
696,3,4
697,3,4
698,3,4
699,3,2
700,2,2
701,3,2
702,3,2
703,3,2
704,3,2
705,3,2
706,3,2
707,3,2
708,3,2
709,3,4
710,2,4
711,1,4
712,3,4
713,3,4
714,3,4
715,3,2
716,3,2
717,3,4
718,3,4
719,3,4
720,3,4
721,3,4
722,3,4
723,3,4
724,3,4
725,3,4
726,2,4
727,3,2
728,3,2
729,3,2
730,3,2
731,3,2
732,3,2
733,3,4
734,3,4
735,3,1
736,3,1
737,3,1
738,3,1
739,3,1
740,3,1
741,3,1
742,3,1
743,3,1
744,1,1
745,3,1
746,3,1
747,1,1
748,3,1
749,1,0
750,3,0
751,3,0
752,3,0
753,1,0
754,3,0
755,1,4
756,2,4
757,2,4
758,1,4
759,1,4
760,1,4
761,1,4
762,3,0
763,3,0
764,3,0
765,3,0
766,3,0
767,3,0
768,3,0
769,3,0
770,2,4
771,3,4
772,2,4
773,2,4
774,2,2
775,2,2
776,3,2
777,1,2
778,3,2
779,3,2
780,3,2
781,2,2
782,3,2
783,3,2
784,1,2
785,3,2
786,3,1
787,3,1
788,3,1
789,3,1
790,3,1
791,2,2
792,3,2
793,3,2
794,3,2
795,3,2
796,3,2
797,3,2
798,1,2
799,3,2
800,3,2
801,3,2
802,3,2
803,3,2
804,3,2
805,3,2
806,3,2
807,3,2
808,3,2
809,3,2
810,3,2
811,3,2
812,3,2
813,3,2
814,3,2
815,3,2
816,3,2
817,3,2
818,3,2
819,3,2
820,3,2
821,1,2
822,1,2
823,3,2
824,3,2
825,3,2
826,3,2
827,3,2
828,2,2
829,3,2
830,3,2
831,3,2
832,3,2
833,3,2
834,3,2
835,3,2
836,3,2
837,3,2
838,3,2
839,3,2
840,3,2
841,3,2
842,3,2
843,3,2
844,3,2
845,3,2
846,3,2
847,3,2
848,3,2
849,3,2
850,3,2
851,2,2
852,3,2
853,3,2
854,3,2
855,3,2
856,3,2
857,3,1
858,3,1
859,3,1
860,3,1
861,3,1
862,3,1
863,3,1
864,3,1
865,3,1
866,3,1
867,3,1
868,3,1
869,3,1
870,3,1
871,3,1
872,3,1
873,3,1
874,3,1
875,3,1
876,3,1
877,3,1
878,3,1
879,3,1
880,3,1
881,1,1
882,1,1
883,1,1
884,1,1
885,1,1
886,1,1
887,1,1
888,1,1
889,1,1
890,1,1
891,1,1
892,3,1
893,3,1
894,1,1
895,3,1
896,1,1
897,2,1
898,3,1
899,3,1
900,3,1
901,3,1
902,3,1
903,3,1
904,3,1
905,3,1
906,3,1
907,3,1
908,1,1
909,3,1
910,3,1
911,3,1
912,3,1
913,1,1
914,1,1
915,1,1
916,3,1
917,3,1
918,3,1
919,1,1
920,1,1
921,3,1
922,3,1
923,3,1
924,3,1
925,1,1
926,3,1
927,3,1
928,3,1
929,3,1
930,1,1
931,1,1
932,1,1
933,3,1
934,1,1
935,1,1
936,1,1
937,1,1
938,3,1
939,1,1
940,1,1
941,1,1
942,3,1
943,1,1
944,1,1
945,3,1
946,1,1
947,1,1
948,1,1
949,1,1
950,1,1
951,1,1
952,1,1
953,1,1
954,3,1
955,1,1
956,1,1
957,3,1
958,1,1
959,1,1
960,1,1
961,1,1
962,1,1
963,1,1
964,1,1
965,1,1
966,1,1
967,1,1
968,1,1
969,1,1
970,3,1
971,1,1
972,1,1
973,1,1
974,1,1
975,1,1
976,1,1
977,1,1
978,1,1
979,1,1
980,1,1
981,1,1
982,1,1
983,1,1
984,1,1
985,1,1
986,1,1
987,1,1
988,1,1
989,1,1
990,1,1
991,1,1
992,1,1
993,1,1
994,1,1
995,3,1
996,1,1
997,1,1
998,1,1
999,1,1
1000,1,1
1001,1,1
1002,1,1
1003,1,1
1004,1,1
1005,1,1
1006,1,1
1007,1,1
1008,1,1
1009,1,1
1010,1,1
1011,1,1
1012,1,1
1013,1,1
1014,3,1
1015,3,1
1016,3,1
1017,1,1
1018,1,1
1019,3,1
1020,1,1
1021,1,1
1022,1,1
1023,3,1
1024,1,1
1025,3,1
1026,3,1
1027,3,1
1028,1,1
1029,1,1
1030,3,1
1031,1,1
1032,1,1
1033,3,1
1034,1,2
1035,3,2
1036,2,2
1037,3,2
1038,3,2
1039,1,2
1040,3,2
1041,3,2
1042,1,2
1043,1,2
1044,1,2
1045,3,2
1046,3,2
1047,2,2
1048,3,2
1049,3,2
1050,3,2
1051,3,2
1052,3,2
1053,3,4
1054,2,4
1055,2,4
1056,3,4
1057,2,4
1058,3,4
1059,2,4
1060,3,4
1061,2,4
1062,3,4
1063,2,4
1064,2,4
1065,2,2
1066,2,2
1067,3,2
1068,2,2
1069,2,2
1070,1,4
1071,3,4
1072,3,4
1073,3,4
1074,3,4
1075,3,4
1076,3,4
1077,3,4
1078,3,4
1079,3,4
1080,3,4
1081,2,4
1082,3,4
1083,3,4
1084,3,1
1085,3,1
1086,1,1
1087,1,1
1088,3,1
1089,1,1
1090,1,1
1091,3,1
1092,3,1
1093,3,1
1094,3,1
1095,3,1
1096,3,3
1097,1,3
1098,2,3
1099,3,3
1100,2,3
1101,3,3
1102,3,2
1103,3,2
1104,3,2
1105,3,2
1106,3,2
1107,3,2
1108,3,2
1109,3,0
1110,3,4
1111,2,4
1112,3,4
1113,3,4
1114,2,4
1115,2,4
1116,3,4
1117,2,4
1118,3,4
1119,3,4
1120,3,4
1121,3,4
1122,3,4
1123,3,4
1124,3,1
1125,3,1
1126,3,1
1127,3,1
1128,3,1
1129,1,1
1130,3,1
1131,3,1
1132,3,1
1133,3,1
1134,3,1
1135,3,1
1136,1,1
1137,1,1
1138,3,1
1139,1,1
1140,3,1
1141,3,1
1142,1,1
1143,3,1
1144,1,1
1145,1,1
1146,3,1
1147,3,1
1148,3,1
1149,1,1
1150,1,1
1151,3,1
1152,1,1
1153,3,1
1154,3,1
1155,3,1
1156,1,1
1157,1,1
1158,3,1
1159,3,1
1160,1,1
1161,1,1
1162,3,1
1163,1,1
1164,1,1
1165,1,1
1166,1,1
1167,3,1
1168,1,1
1169,1,1
1170,1,1
1171,1,1
1172,1,1
1173,1,1
1174,3,1
1175,3,1
1176,1,1
1177,3,1
1178,3,1
1179,2,1
1180,1,1
1181,1,1
1182,1,1
1183,1,1
1184,3,1
1185,3,1
1186,3,3
1187,3,3
1188,3,1
1189,1,1
1190,3,1
1191,3,1
1192,3,1
1193,3,1
1194,3,1
1195,1,1
1196,1,1
1197,1,1
1198,1,1
1199,3,1
1200,1,1
1201,3,1
1202,3,1
1203,1,1
1204,3,1
1205,3,1
1206,3,1
1207,3,1
1208,3,3
1209,3,3
1210,3,3
1211,3,3
1212,3,3
1213,3,3
1214,3,3
1215,3,3
1216,3,3
1217,3,3
1218,2,2
1219,3,2
1220,2,2
1221,1,4
1222,2,4
1223,2,4
1224,2,4
1225,3,2
1226,3,2
1227,2,2
1228,2,2
1229,2,2
1230,2,2
1231,2,2
1232,3,2
1233,3,4
1234,3,4
1235,3,4
1236,3,4
1237,3,4
1238,3,4
1239,3,4
1240,2,4
1241,2,4
1242,3,4
1243,3,1
1244,3,1
1245,3,1
1246,3,1
1247,3,1
1248,3,3
1249,3,3
1250,3,3
1251,3,1
1252,3,1
1253,3,1
1254,3,1
1255,3,1
1256,3,1
1257,3,1
1258,3,1
1259,3,1
1260,3,1
1261,3,1
1262,3,1
1263,3,1
1264,3,1
1265,3,1
1266,1,1
1267,3,1
1268,1,1
1269,2,1
1270,3,1
1271,3,1
1272,3,1
1273,3,1
1274,1,1
1275,1,1
1276,3,1
1277,1,3
1278,1,3
1279,3,3
1280,3,1
1281,1,1
1282,3,1
1283,3,1
1284,3,1
1285,3,1
1286,3,1
1287,3,1
1288,3,1
1289,3,4
1290,3,4
1291,1,4
1292,3,4
1293,3,4
1294,3,4
1295,3,4
1296,3,4
1297,3,4
1298,3,4
1299,3,4
1300,3,4
1301,3,4
1302,3,4
1303,3,4
1304,3,4
1305,3,4
1306,3,4
1307,3,4
1308,3,4
1309,3,4
1310,1,4
1311,3,4
1312,3,4
1313,3,4
1314,3,4
1315,3,4
1316,3,4
1317,3,2
1318,3,2
1319,3,2
1320,3,2
1321,3,2
1322,3,2
1323,3,2
1324,3,2
1325,3,2
1326,3,0
1327,2,0
1328,2,0
1329,2,0
1330,2,0
1331,2,0
1332,2,0
1333,2,0
1334,1,0
1335,1,0
1336,2,0
1337,2,0
1338,2,0
1339,2,0
1340,2,4
1341,2,4
1342,2,4
1343,2,4
1344,2,4
1345,2,4
1346,2,4
1347,2,4
1348,2,4
1349,2,4
1350,2,4
1351,2,4
1352,2,4
1353,2,4
1354,2,4
1355,3,4
1356,2,4
1357,3,4
1358,3,0
1359,3,0
1360,2,0
1361,2,0
1362,2,4
1363,2,4
1364,2,4
1365,2,4
1366,1,4
1367,2,1
1368,3,1
1369,3,1
1370,3,1
1371,3,1
1372,3,1
1373,3,0
1374,3,0
1375,3,0
1376,3,0
1377,3,0
1378,3,0
1379,3,1
1380,3,1
1381,3,1
1382,3,1
1383,3,1
1384,3,1
1385,3,1
1386,1,1
1387,3,1
1388,3,1
1389,3,1
1390,3,1
1391,3,1
1392,1,1
1393,3,1
1394,3,1
1395,3,1
1396,3,1
1397,3,1
1398,3,1
1399,3,1
1400,3,1
1401,3,1
1402,1,1
1403,3,1
1404,3,1
1405,3,1
1406,3,1
1407,1,1
1408,3,1
1409,1,1
1410,1,1
1411,1,1
1412,1,1
1413,1,1
1414,1,1
1415,1,1
1416,3,1
1417,1,1
1418,1,1
1419,1,1
1420,1,1
1421,1,1
1422,1,1
1423,1,1
1424,1,1
1425,1,1
1426,1,1
1427,1,1
1428,1,1
1429,1,1
1430,1,1
1431,1,1
1432,1,1
1433,1,1
1434,1,1
1435,1,1
1436,1,1
1437,1,1
1438,1,1
1439,1,1
1440,1,1
1441,1,1
1442,1,1
1443,1,1
1444,1,1
1445,1,1
1446,1,1
1447,1,1
1448,1,1
1449,1,1
1450,3,1
1451,1,1
1452,1,1
1453,1,1
1454,1,1
1455,1,1
1456,1,1
1457,3,1
1458,3,1
1459,1,3
1460,3,3
1461,3,3
1462,1,3
1463,2,2
1464,2,2
1465,3,2
1466,1,2
1467,3,1
1468,3,1
1469,3,1
1470,1,1
1471,3,1
1472,1,1
1473,3,1
1474,1,1
1475,1,1
1476,3,1
1477,3,1
1478,3,1
1479,3,1
1480,3,1
1481,3,1
1482,3,1
1483,3,1
1484,3,1
1485,1,1
1486,1,1
1487,3,1
1488,3,1
1489,3,1
1490,3,1
1491,3,2
1492,3,2
1493,3,2
1494,2,2
1495,3,2
1496,3,2
1497,3,2
1498,3,0
1499,2,0
1500,2,0
1501,3,0
1502,2,0
1503,3,0
1504,2,0
1505,2,0
1506,3,0
1507,2,4
1508,3,4
1509,3,4
1510,2,4
1511,3,4
1512,3,4
1513,3,0
1514,2,0
1515,3,0
1516,2,0
1517,3,0
1518,3,0
1519,1,0
1520,3,0
1521,2,4
1522,3,4
1523,0,4
1524,2,4
1525,3,4
1526,2,4
1527,2,4
1528,2,4
1529,2,4
1530,3,4
1531,2,4
1532,2,4
1533,2,4
1534,2,4
1535,2,4
1536,2,4
1537,2,4
1538,2,4
1539,2,4
1540,2,4
1541,2,4
1542,2,4
1543,2,4
1544,3,4
1545,2,4
1546,2,4
1547,3,4
1548,3,4
1549,3,4
1550,3,4
1551,2,4
1552,3,4
1553,3,1
1554,3,1
1555,1,1
1556,3,1
1557,3,1
1558,3,1
1559,1,1
1560,1,1
1561,3,1
1562,3,1
1563,3,1
1564,1,1
1565,3,1
1566,1,1
1567,1,1
1568,3,1
1569,3,1
1570,1,1
1571,1,1
1572,3,1
1573,3,1
1574,1,1
1575,3,1
1576,3,1
1577,1,1
1578,3,1
1579,3,1
1580,3,1
1581,3,1
1582,3,1
1583,1,1
1584,1,1
1585,3,1
1586,1,1
1587,1,1
1588,1,1
1589,1,1
1590,1,1
1591,1,1
1592,1,1
1593,1,1
1594,1,1
1595,1,1
1596,1,1
1597,1,1
1598,1,1
1599,1,1
1600,1,1
1601,1,1
1602,1,1
1603,1,1
1604,1,1
1605,3,1
1606,3,1
1607,3,1
1608,1,1
1609,1,1
1610,1,1
1611,1,1
1612,1,1
1613,1,1
1614,1,1
1615,1,1
1616,1,1
1617,1,1
1618,1,1
1619,1,3
1620,1,3
1621,1,1
1622,1,1
1623,1,1
1624,1,1
1625,3,1
1626,3,1
1627,1,1
1628,1,1
1629,1,1
1630,1,1
1631,3,1
1632,1,1
1633,1,3
1634,3,3
1635,1,3
1636,3,3
1637,3,3
1638,1,3
1639,1,3
1640,3,2
1641,1,2
1642,3,4
1643,1,4
1644,3,1
1645,1,1
1646,1,1
1647,3,1
1648,3,1
1649,1,3
1650,3,3
1651,1,3
1652,3,3
1653,3,3
1654,3,3
1655,1,1
1656,1,1
1657,1,1
1658,1,1
1659,1,0
1660,3,0
1661,1,0
1662,3,0
1663,3,0
1664,3,0
1665,3,2
1666,3,2
1667,3,2
1668,3,2
1669,1,2
1670,3,1
1671,3,1
1672,3,1
1673,3,1
1674,3,1
1675,1,1
1676,1,1
1677,1,1
1678,1,1
1679,1,1
1680,1,1
1681,1,1
1682,1,1
1683,3,1
1684,1,1
1685,1,1
1686,1,1
1687,1,1
1688,1,1
1689,1,1
1690,1,1
1691,1,1
1692,1,1
1693,1,1
1694,3,1
1695,3,1
1696,3,1
1697,1,1
1698,3,1
1699,1,1
1700,3,1
1701,3,1
1702,3,1
1703,3,1
1704,1,1
1705,1,1
1706,3,1
1707,3,1
1708,3,1
1709,1,1
1710,1,1
1711,1,1
1712,1,2
1713,1,2
1714,1,2
1715,1,2
1716,3,2
1717,1,2
1718,1,2
1719,1,2
1720,3,2
1721,3,2
1722,3,2
1723,3,2
1724,3,2
1725,3,2
1726,3,2
1727,3,2
1728,3,2
1729,3,2
1730,3,3
1731,3,3
1732,1,2
1733,1,2
1734,3,2
1735,3,2
1736,3,2
1737,3,2
1738,1,2
1739,3,2
1740,3,2
1741,3,2
1742,3,2
1743,3,2
1744,3,2
1745,3,2
1746,3,2
1747,3,2
1748,3,2
1749,3,2
1750,3,2
1751,3,2
1752,3,2
1753,3,2
1754,3,2
1755,3,2
1756,3,2
1757,3,2
1758,1,2
1759,3,2
1760,1,2
1761,1,2
1762,1,2
1763,3,2
1764,2,2
1765,3,2
1766,3,2
1767,3,2
1768,1,3
1769,3,3
1770,1,3
1771,3,3
1772,1,3
1773,3,3
1774,3,3
1775,3,3
1776,3,3
1777,3,3
1778,1,3
1779,3,2
1780,3,3
1781,1,3
1782,3,3
1783,3,3
1784,3,3
1785,3,3
1786,3,3
1787,3,3
1788,3,3
1789,3,3
1790,3,3
1791,3,3
1792,3,3
1793,3,3
1794,3,3
1795,3,3
1796,3,3
1797,3,3
1798,3,3
1799,1,3
1800,1,3
1801,3,3
1802,3,3
1803,3,3
1804,3,3
1805,3,3
1806,3,3
1807,3,3
1808,3,2
1809,1,2
1810,3,2
1811,1,3
1812,1,3
1813,2,3
1814,3,3
1815,1,2
1816,3,3
1817,3,3
1818,1,3
1819,1,3
1820,1,3
1821,3,3
1822,3,3
1823,1,3
1824,3,3
1825,3,3
1826,3,2
1827,3,2
1828,1,2
1829,3,2
1830,3,2
1831,3,2
1832,3,2
1833,2,2
1834,3,3
1835,3,3
1836,3,2
1837,1,2
1838,3,4
1839,3,4
1840,1,4
1841,1,4
1842,3,4
1843,3,4
1844,3,4
1845,1,4
1846,3,1
1847,3,1
1848,3,1
1849,3,1
1850,3,1
1851,1,1
1852,3,1
1853,3,1
1854,1,1
1855,1,1
1856,1,1
1857,3,1
1858,3,1
1859,1,1
1860,1,1
1861,1,1
1862,1,1
1863,3,1
1864,1,1
1865,1,1
1866,1,1
1867,1,1
1868,1,1
1869,3,1
1870,3,2
1871,1,2
1872,3,4
1873,3,4
1874,3,4
1875,3,4
1876,3,4
1877,3,4
1878,3,4
1879,3,4
1880,3,4
1881,3,4
1882,3,4
1883,3,4
1884,3,4
1885,3,4
1886,3,4
1887,3,4
1888,3,4
1889,3,4
1890,3,4
1891,3,4
1892,3,4
1893,3,4
1894,3,2
1895,3,2
1896,3,2
1897,3,2
1898,3,2
1899,3,2
1900,3,2
1901,3,2
1902,3,2
1903,3,2
1904,3,2
1905,3,2
1906,3,2
1907,2,2
1908,3,2
1909,3,2
1910,3,2
1911,3,2
1912,3,2
1913,1,2
1914,3,2
1915,3,2
1916,2,4
1917,3,4
1918,3,4
1919,3,4
1920,3,4
1921,3,4
1922,3,4
1923,3,4
1924,2,4
1925,2,4
1926,2,4
1927,2,4
1928,2,4
1929,3,4
1930,1,4
1931,2,4
1932,2,4
1933,2,4
1934,2,2
1935,2,2
1936,2,2
1937,2,2
1938,2,2
1939,2,2
1940,2,2
1941,2,2
1942,3,2
1943,2,2
1944,2,2
1945,2,2
1946,3,2
1947,3,2
1948,2,2
1949,3,2
1950,3,2
1951,3,2
1952,3,2
1953,3,2
1954,2,2
1955,2,2
1956,3,2
1957,3,4
1958,3,4
1959,3,4
1960,3,4
1961,3,4
1962,3,4
1963,3,0
1964,3,0
1965,3,4
1966,3,4
1967,3,4
1968,3,4
1969,3,4
1970,3,4
1971,3,4
1972,3,4
1973,3,4
1974,3,4
1975,3,2
1976,3,2
1977,1,2
1978,3,2
1979,1,2
1980,2,2
1981,2,2
1982,3,4
1983,3,4
1984,2,4
1985,2,4
1986,2,4
1987,2,4
1988,2,4
1989,3,4
1990,2,4
1991,2,4
1992,2,4
1993,3,4
1994,3,4
1995,2,4
1996,2,4
1997,2,4
1998,3,4
1999,2,4
2000,2,4
2001,3,4
2002,2,4
2003,2,4
2004,2,4
2005,3,4
2006,3,4
2007,1,4
2008,3,4
2009,3,4
2010,3,4
2011,3,4
2012,3,4
2013,1,1
2014,3,1
2015,3,1
2016,1,1
2017,3,1
2018,3,1
2019,3,1
2020,1,1
2021,1,1
2022,3,1
2023,1,1
2024,3,1
2025,1,1
2026,1,1
2027,3,1
2028,1,1
2029,1,1
2030,1,1
2031,1,1
2032,1,1
2033,3,1
2034,1,1
2035,1,1
2036,1,1
2037,1,1
2038,1,1
2039,1,1
2040,1,1
2041,1,1
2042,1,1
2043,1,1
2044,1,1
2045,1,1
2046,1,1
2047,1,1
2048,1,1
2049,1,1
2050,1,1
2051,1,1
2052,1,1
2053,1,1
2054,3,1
2055,1,1
2056,3,1
2057,1,1
2058,1,1
2059,1,1
2060,1,1
2061,1,3
2062,1,3
2063,1,3
2064,1,3
2065,3,3
2066,1,3
2067,1,3
2068,3,3
2069,1,3
2070,1,4
2071,1,4
2072,1,4
2073,1,4
2074,3,4
2075,3,4
2076,3,4
2077,2,4
2078,3,4
2079,3,4
2080,3,4
2081,3,4
2082,1,2
2083,3,2
2084,1,2
2085,3,4
2086,3,4
2087,3,4
2088,2,4
2089,3,4
2090,2,4
2091,2,4
2092,2,4
2093,2,4
2094,2,4
2095,2,4
2096,3,4
2097,3,4
2098,2,4
2099,2,4
2100,1,4
2101,3,4
2102,3,4
2103,3,4
2104,2,4
2105,3,4
2106,2,4
2107,2,4
2108,3,4
2109,2,4
2110,3,4
2111,3,4
2112,3,4
2113,3,4
2114,1,4
2115,2,4
2116,2,4
2117,1,4
2118,3,4
2119,3,4
2120,3,4
2121,3,4
2122,3,4
2123,2,4
2124,3,4
2125,3,4
2126,3,4
2127,3,4
2128,2,4
2129,3,4
2130,3,4
2131,3,1
2132,3,1
2133,3,1
2134,1,1
2135,1,1
2136,1,1
2137,1,1
2138,3,1
2139,3,1
2140,1,1
2141,1,1
2142,1,1
2143,1,1
2144,1,1
2145,1,1
2146,3,1
2147,1,1
2148,1,1
2149,1,1
2150,1,1
2151,1,1
2152,1,1
2153,3,1
2154,1,1
2155,1,1
2156,1,1
2157,1,1
2158,1,1
2159,1,1
2160,3,1
2161,1,1
2162,1,1
2163,1,1
2164,1,1
2165,1,1
2166,1,1
2167,1,1
2168,1,1
2169,1,1
2170,1,1
2171,1,1
2172,1,1
2173,1,1
2174,1,1
2175,1,1
2176,1,1
2177,1,1
2178,1,1
2179,1,1
2180,1,1
2181,1,1
2182,1,1
2183,1,1
2184,1,1
2185,1,1
2186,1,1
2187,1,1
2188,1,1
2189,1,1
2190,3,1
2191,1,1
2192,1,1
2193,1,1
2194,1,1
2195,3,1
2196,1,1
2197,1,1
2198,1,1
2199,1,1
2200,3,3
2201,3,3
2202,3,3
2203,3,3
2204,3,3
2205,3,3
2206,1,3
2207,3,3
2208,1,3
2209,1,1
2210,1,1
2211,3,1
2212,1,1
2213,1,1
2214,1,1
2215,1,1
2216,3,1
2217,1,1
2218,3,1
2219,1,1
2220,1,1
2221,1,1
2222,3,1
2223,1,1
2224,1,1
2225,1,1
2226,1,1
2227,1,1
2228,1,1
2229,1,1
2230,1,1
2231,3,1
2232,1,1
2233,1,1
2234,2,2
2235,2,2
2236,3,2
2237,3,2
2238,3,2
2239,3,2
2240,3,2
2241,2,2
2242,1,2
2243,3,2
2244,3,2
2245,2,2
2246,2,2
2247,3,2
2248,2,2
2249,2,2
2250,3,2
2251,2,2
2252,2,2
2253,3,2
2254,2,2
2255,2,2
2256,2,2
2257,3,2
2258,3,2
2259,3,2
2260,3,2
2261,3,2
2262,2,2
2263,2,2
2264,3,2
2265,3,2
2266,3,2
2267,3,2
2268,2,2
2269,3,4
2270,3,4
2271,1,4
2272,1,4
2273,3,4
2274,3,4
2275,3,4
2276,3,2
2277,1,2
2278,2,2
2279,1,1
2280,3,1
2281,3,1
2282,3,1
2283,3,1
2284,3,1
2285,3,1
2286,3,1
2287,3,1
2288,3,1
2289,3,1
2290,2,1
2291,3,1
2292,3,1
2293,3,1
2294,3,1
2295,3,1
2296,3,1
2297,3,1
2298,1,1
2299,3,1
2300,3,1
2301,3,1
2302,3,1
2303,3,1
2304,3,1
2305,3,1
2306,3,1
2307,3,1
2308,3,1
2309,3,1
2310,3,1
2311,3,1
2312,3,1
2313,1,1
2314,3,1
2315,3,1
2316,3,1
2317,3,1
2318,3,1
2319,3,1
2320,3,1
2321,3,1
2322,3,1
2323,3,1
2324,3,1
2325,3,1
2326,3,1
2327,3,1
2328,1,1
2329,3,1
2330,3,1
2331,3,1
2332,3,1
2333,1,1
2334,3,1
2335,3,1
2336,3,1
2337,3,4
2338,2,4
2339,3,4
2340,3,4
2341,3,4
2342,3,4
2343,3,2
2344,2,2
2345,3,2
2346,3,4
2347,2,4
2348,3,4
2349,3,4
2350,3,4
2351,3,4
2352,3,4
2353,3,4
2354,3,4
2355,3,4
2356,1,4
2357,1,4
2358,3,4
2359,3,4
2360,3,4
2361,3,4
2362,3,2
2363,2,2
2364,2,2
2365,2,2
2366,3,2
2367,3,2
2368,3,2
2369,3,2
2370,3,2
2371,3,2
2372,2,2
2373,2,2
2374,3,2
2375,3,2
2376,2,2
2377,2,2
2378,2,2
2379,3,2
2380,3,2
2381,3,2
2382,3,2
2383,3,2
2384,2,2
2385,3,2
2386,2,2
2387,3,2
2388,2,2
2389,3,2
2390,3,2
2391,3,2
2392,3,2
2393,1,2
2394,3,2
2395,1,2
2396,3,2
2397,3,2
2398,3,2
2399,3,3
2400,3,3
2401,3,1
2402,3,1
2403,3,1
2404,1,1
2405,3,1
2406,3,1
2407,1,1
2408,3,1
2409,1,1
2410,1,1
2411,1,1
2412,3,1
2413,1,1
2414,3,1
2415,3,1
2416,1,1
2417,3,1
2418,1,1
2419,1,1
2420,1,1
2421,1,1
2422,1,1
2423,1,1
2424,1,1
2425,1,1
2426,1,1
2427,1,1
2428,1,1
2429,1,1
2430,1,1
2431,1,1
2432,3,1
2433,1,1
2434,1,1
2435,1,1
2436,1,1
2437,1,1
2438,1,1
2439,1,1
2440,1,1
2441,1,1
2442,1,1
2443,1,1
2444,1,1
2445,1,1
2446,1,1
2447,1,1
2448,1,1
2449,1,1
2450,1,1
2451,1,1
2452,1,1
2453,1,1
2454,1,1
2455,1,1
2456,1,1
2457,1,1
2458,1,1
2459,1,1
2460,1,1
2461,1,1
2462,1,1
2463,1,1
2464,1,1
2465,1,1
2466,1,1
2467,1,1
2468,1,1
2469,1,1
2470,1,1
2471,1,1
2472,1,1
2473,1,1
2474,1,1
2475,1,1
2476,1,1
2477,3,1
2478,3,1
2479,1,1
2480,1,1
2481,1,1
2482,1,1
2483,1,1
2484,1,1
2485,1,1
2486,1,1
2487,1,1
2488,1,1
2489,1,1
2490,1,1
2491,1,1
2492,1,1
2493,1,1
2494,1,1
2495,1,1
2496,1,1
2497,1,1
2498,1,1
2499,1,1
2500,1,1
2501,1,1
2502,1,1
2503,3,1
2504,1,1
2505,1,1
2506,1,3
2507,1,3
2508,1,3
2509,1,3
2510,1,3
2511,1,3
2512,1,3
2513,1,3
2514,1,3
2515,1,1
2516,1,1
2517,3,1
2518,3,1
2519,3,1
2520,3,1
2521,3,1
2522,3,1
2523,3,1
2524,3,1
2525,1,1
2526,3,1
2527,3,1
2528,1,1
2529,3,1
2530,1,1
2531,3,1
2532,1,1
2533,3,1
2534,1,1
2535,3,1
2536,3,1
2537,2,1
2538,3,2
2539,3,2
2540,3,2
2541,3,2
2542,1,2
2543,3,2
2544,3,2
2545,3,2
2546,3,2
2547,3,2
2548,3,1
2549,3,1
2550,3,1
2551,3,1
2552,3,1
2553,1,1
2554,3,1
2555,3,1
2556,1,1
2557,1,1
2558,3,1
2559,3,1
2560,1,1
2561,3,1
2562,3,1
2563,1,1
2564,3,1
2565,1,1
2566,3,1
2567,1,1
2568,1,1
2569,1,1
2570,1,1
2571,1,1
2572,1,1
2573,1,1
2574,3,1
2575,1,1
2576,1,1
2577,3,1
2578,1,1
2579,3,1
2580,1,1
2581,1,1
2582,1,1
2583,3,1
2584,1,1
2585,3,1
2586,3,1
2587,1,1
2588,1,1
2589,1,1
2590,3,1
2591,1,1
2592,3,1
2593,1,1
2594,1,1
2595,1,1
2596,3,1
2597,1,1
2598,1,3
2599,1,3
2600,1,3
2601,1,3
2602,1,3
2603,3,3
2604,1,3
2605,1,3
2606,3,3
2607,3,3
2608,1,3
2609,1,3
2610,1,3
2611,1,3
2612,3,3
2613,1,3
2614,1,3
2615,1,1
2616,1,1
2617,1,1
2618,1,1
2619,1,1
2620,1,1
2621,1,1
2622,1,1
2623,1,1
2624,3,1
2625,1,1
2626,1,1
2627,1,1
2628,1,1
2629,1,1
2630,1,1
2631,1,1
2632,1,1
2633,1,1
2634,1,1
2635,1,1
2636,1,1
2637,1,1
2638,1,1
2639,1,1
2640,1,1
2641,1,1
2642,1,1
2643,3,1
2644,1,1
2645,1,1
2646,1,1
2647,2,1
2648,1,1
2649,1,1
2650,1,1
2651,1,1
2652,1,1
2653,1,1
2654,1,1
2655,1,1
2656,1,1
2657,3,1
2658,1,1
2659,1,1
2660,1,1
2661,1,1
2662,1,1
2663,1,1
2664,1,1
2665,1,1
2666,1,1
2667,1,1
2668,1,1
2669,1,1
2670,1,1
2671,1,1
2672,1,1
2673,1,1
2674,2,4
2675,3,4
2676,1,4
2677,1,4
2678,1,4
2679,1,4
2680,3,4
2681,1,4
2682,1,4
2683,3,4
2684,3,4
2685,3,4
2686,3,4
2687,3,4
2688,3,4
2689,2,2
2690,2,2
2691,3,2
2692,3,2
2693,0,2
2694,1,2
2695,3,1
2696,3,1
2697,3,1
2698,1,1
2699,1,1
2700,1,1
2701,1,1
2702,3,1
2703,1,1
2704,3,1
2705,3,1
2706,3,1
2707,1,1
2708,3,1
2709,1,1
2710,3,1
2711,3,1
2712,1,1
2713,1,1
2714,3,1
2715,3,1
2716,1,1
2717,3,1
2718,3,1
2719,3,1
2720,3,1
2721,3,1
2722,3,1
2723,3,1
2724,3,1
2725,3,1
2726,3,1
2727,1,1
2728,3,1
2729,1,1
2730,3,1
2731,3,1
2732,3,1
2733,1,1
2734,3,1
2735,1,1
2736,1,1
2737,1,1
2738,3,1
2739,3,1
2740,3,1
2741,1,1
2742,3,1
2743,1,1
2744,3,1
2745,3,1
2746,3,1
2747,1,1
2748,3,1
2749,3,1
2750,3,1
2751,3,1
2752,1,1
2753,3,1
2754,3,1
2755,1,1
2756,3,1
2757,1,3
2758,3,3
2759,3,3
2760,3,3
2761,3,3
2762,3,4
2763,3,4
2764,2,4
2765,3,4
2766,1,4
2767,3,4
2768,3,4
2769,2,4
2770,3,4
2771,3,2
2772,2,2
2773,3,2
2774,3,4
2775,3,4
2776,3,4
2777,1,4
2778,1,4
2779,3,4
2780,1,4
2781,3,4
2782,3,4
2783,1,4
2784,1,4
2785,2,4
2786,2,4
2787,3,4
2788,3,4
2789,3,4
2790,3,2
2791,2,2
2792,3,2
2793,1,2
2794,3,2
2795,2,2
2796,3,2
2797,3,2
2798,3,2
2799,2,2
2800,1,2
2801,3,2
2802,3,2
2803,3,2
2804,3,2
2805,3,2
2806,2,2
2807,3,2
2808,3,2
2809,3,2
2810,3,2
2811,3,2
2812,3,2
2813,3,2
2814,2,2
2815,1,2
2816,3,2
2817,3,2
2818,3,2
2819,3,3
2820,3,3
2821,3,2
2822,2,2
2823,3,2
2824,3,2
2825,3,2
2826,3,2
2827,2,2
2828,3,2
2829,3,2
2830,3,2
2831,3,2
2832,3,2
2833,3,2
2834,3,2
2835,3,2
2836,1,2
2837,3,2
2838,3,3
2839,3,3
2840,3,3
2841,3,0
2842,3,0
2843,2,0
2844,3,0
2845,3,0
2846,3,0
2847,3,0
2848,3,0
2849,3,0
2850,2,0
2851,3,0
2852,3,0
2853,3,0
2854,1,1
2855,1,1
2856,1,1
2857,1,1
2858,1,1
2859,1,1
2860,1,1
2861,1,1
2862,1,1
2863,1,1
2864,1,1
2865,1,1
2866,1,1
2867,1,1
2868,1,1
2869,1,1
2870,1,1
2871,1,1
2872,1,1
2873,1,1
2874,3,1
2875,3,1
2876,1,1
2877,1,1
2878,1,1
2879,1,1
2880,1,1
2881,1,1
2882,1,1
2883,1,1
2884,1,1
2885,1,1
2886,1,1
2887,1,1
2888,1,1
2889,1,1
2890,1,1
2891,1,1
2892,1,1
2893,1,1
2894,1,1
2895,1,1
2896,1,1
2897,1,1
2898,1,1
2899,1,1
2900,1,1
2901,1,1
2902,1,1
2903,1,1
2904,1,1
2905,1,1
2906,1,1
2907,1,1
2908,1,1
2909,1,1
2910,1,1
2911,1,1
2912,1,1
2913,2,1
2914,1,1
2915,1,1
2916,1,1
2917,1,1
2918,1,1
2919,1,1
2920,1,1
2921,1,1
2922,1,1
2923,3,1
2924,1,1
2925,1,1
2926,1,1
2927,1,1
2928,1,1
2929,1,1
2930,1,1
2931,1,1
2932,1,1
2933,1,1
2934,1,1
2935,1,1
2936,1,1
2937,1,1
2938,3,1
2939,1,1
2940,1,1
2941,1,1
2942,1,1
2943,1,1
2944,1,1
2945,1,1
2946,1,1
2947,1,1
2948,1,1
2949,1,1
2950,1,1
2951,1,1
2952,1,1
2953,1,1
2954,1,1
2955,1,1
2956,1,1
2957,1,1
2958,1,1
2959,1,1
2960,1,1
2961,1,1
2962,1,1
2963,3,1
2964,1,1
2965,1,1
2966,1,1
2967,1,1
2968,1,1
2969,1,1
2970,1,1
2971,1,1
2972,1,1
2973,3,1
2974,3,1
2975,1,1
2976,1,1
2977,3,3
2978,1,3
2979,1,3
2980,1,3
2981,3,3
2982,1,1
2983,3,1
2984,1,1
2985,1,1
2986,3,1
2987,3,1
2988,1,1
2989,1,1
2990,1,1
2991,1,1
2992,1,1
2993,1,1
2994,1,1
2995,1,1
2996,1,1
2997,1,1
2998,1,1
2999,1,1
3000,1,1
3001,1,1
3002,1,1
3003,1,1
3004,1,1
3005,1,1
3006,1,1
3007,1,1
3008,1,1
3009,1,1
3010,1,1
3011,1,1
3012,3,1
3013,1,1
3014,3,1
3015,1,1
3016,1,1
3017,1,1
3018,1,1
3019,1,1
3020,1,1
3021,1,1
3022,1,1
3023,1,1
3024,1,1
3025,1,1
3026,1,1
3027,1,1
3028,1,1
3029,1,1
3030,1,1
3031,1,1
3032,1,1
3033,1,1
3034,1,1
3035,1,1
3036,1,1
3037,1,1
3038,1,1
3039,1,1
3040,1,1
3041,1,1
3042,1,1
3043,1,1
3044,1,1
3045,1,1
3046,1,1
3047,1,1
3048,1,1
3049,1,1
3050,1,1
3051,1,1
3052,1,1
3053,3,1
3054,1,1
3055,1,1
3056,1,1
3057,1,1
3058,1,1
3059,1,1
3060,1,1
3061,1,1
3062,1,1
3063,1,1
3064,1,1
3065,1,1
3066,1,1
3067,1,1
3068,1,1
3069,1,1
3070,1,1
3071,1,1
3072,1,1
3073,1,1
3074,1,1
3075,1,1
3076,1,1
3077,1,1
3078,1,1
3079,1,1
3080,1,1
3081,1,1
3082,1,1
3083,1,1
3084,1,1
3085,1,1
3086,1,1
3087,1,1
3088,1,1
3089,1,1
3090,1,1
3091,1,1
3092,1,1
3093,1,1
3094,1,1
3095,1,1
3096,1,1
3097,1,1
3098,1,1
3099,1,1
3100,1,1
3101,1,1
3102,1,1
3103,1,1
3104,1,1
3105,1,1
3106,1,1
3107,1,1
3108,1,1
3109,3,1
3110,1,1
3111,1,1
3112,1,1
3113,1,1
3114,1,1
3115,1,1
3116,1,1
3117,1,1
3118,1,1
3119,1,1
3120,1,1
3121,1,1
3122,1,3
3123,1,3
3124,1,3
3125,1,1
3126,1,1
3127,3,1
3128,1,1
3129,1,1
3130,1,1
3131,1,1
3132,1,1
3133,1,1
3134,1,1
3135,1,1
3136,1,1
3137,1,1
3138,1,1
3139,1,1
3140,1,1
3141,3,1
3142,3,1
3143,1,1
3144,1,1
3145,1,1
3146,1,1
3147,1,1
3148,3,1
3149,1,2
3150,3,2
3151,1,2
3152,1,2
3153,2,2
3154,1,2
3155,3,2
3156,3,3
3157,1,3
3158,3,3
3159,3,3
3160,3,3
3161,3,2
3162,3,2
3163,1,2
3164,3,2
3165,3,2
3166,3,2
3167,3,2
3168,3,2
3169,3,2
3170,3,2
3171,3,2
3172,3,2
3173,3,2
3174,3,2
3175,3,2
3176,3,2
3177,1,2
3178,3,2
3179,1,1
3180,3,1
3181,3,1
3182,1,3
3183,1,3
3184,1,1
3185,1,1
3186,1,1
3187,1,1
3188,1,1
3189,1,1
3190,1,1
3191,1,1
3192,1,1
3193,3,1
3194,3,1
3195,1,1
3196,1,1
3197,3,1
3198,2,1
3199,3,1
3200,1,1
3201,1,1
3202,1,1
3203,1,1
3204,3,1
3205,1,3
3206,1,3
3207,1,3
3208,0,3
3209,1,3
3210,1,1
3211,1,1
3212,1,1
3213,1,1
3214,3,1
3215,1,1
3216,1,1
3217,1,1
3218,1,1
3219,1,1
3220,1,1
3221,1,1
3222,1,1
3223,1,1
3224,1,1
3225,1,1
3226,1,1
3227,1,1
3228,1,1
3229,1,1
3230,1,1
3231,1,1
3232,1,1
3233,1,1
3234,3,1
3235,1,1
3236,1,1
3237,1,1
3238,1,1
3239,1,1
3240,1,1
3241,3,1
3242,1,1
3243,1,1
3244,3,1
3245,3,1
3246,3,1
3247,1,1
3248,1,1
3249,1,1
3250,1,1
3251,1,1
3252,1,1
3253,1,1
3254,1,1
3255,1,1
3256,1,1
3257,1,1
3258,1,1
3259,1,1
3260,1,1
3261,1,1
3262,1,1
3263,1,1
3264,1,1
3265,1,1
3266,1,1
3267,1,1
3268,1,1
3269,3,1
3270,1,1
3271,3,1
3272,1,1
3273,1,1
3274,1,1
3275,1,1
3276,1,1
3277,3,1
3278,1,1
3279,1,1
3280,1,1
3281,1,1
3282,1,1
3283,1,1
3284,1,1
3285,1,1
3286,1,1
3287,1,1
3288,1,1
3289,1,1
3290,1,1
3291,1,1
3292,1,1
3293,1,1
3294,1,1
3295,3,1
3296,1,1
3297,1,1
3298,1,1
3299,1,1
3300,1,1
3301,1,1
3302,1,1
3303,1,1
3304,1,1
3305,1,3
3306,3,3
3307,3,1
3308,1,1
3309,1,1
3310,1,1
3311,1,1
3312,3,1
3313,1,1
3314,1,1
3315,1,1
3316,1,1
3317,1,1
3318,3,1
3319,1,1
3320,3,1
3321,1,1
3322,3,1
3323,3,1
3324,3,1
3325,3,2
3326,3,2
3327,1,2
3328,2,2
3329,2,2
3330,2,2
3331,3,2
3332,3,2
3333,3,2
3334,2,2
3335,2,2
3336,1,2
3337,3,2
3338,2,2
3339,1,2
3340,2,2
3341,1,2
3342,2,2
3343,2,2
3344,3,2
3345,3,2
3346,2,2
3347,3,2
3348,2,2
3349,3,2
3350,3,2
3351,3,2
3352,2,2
3353,3,2
3354,2,2
3355,2,2
3356,2,2
3357,3,2
3358,3,2
3359,2,2
3360,2,2
3361,2,2
3362,3,2
3363,2,2
3364,3,2
3365,3,2
3366,3,2
3367,2,2
3368,2,2
3369,2,2
3370,3,2
3371,3,2
3372,3,2
3373,3,2
3374,3,2
3375,3,3
3376,3,3
3377,1,1
3378,3,1
3379,3,1
3380,3,1
3381,3,1
3382,1,1
3383,3,1
3384,3,1
3385,3,1
3386,1,1
3387,3,1
3388,1,1
3389,1,1
3390,3,1
3391,3,1
3392,1,1
3393,3,1
3394,1,1
3395,1,1
3396,1,1
3397,1,1
3398,1,1
3399,3,1
3400,3,1
3401,3,3
3402,1,3
3403,1,3
3404,3,3
3405,3,3
3406,1,3
3407,3,3
3408,1,3
3409,3,3
3410,3,1
3411,1,1
3412,1,1
3413,1,1
3414,1,1
3415,1,1
3416,1,1
3417,3,1
3418,3,1
3419,1,1
3420,2,1
3421,1,1
3422,3,1
3423,1,1
3424,3,1
3425,1,1
3426,3,1
3427,2,4
3428,2,4
3429,2,4
3430,2,4
3431,2,4
3432,2,4
3433,2,4
3434,3,4
3435,3,1
3436,2,1
3437,2,1
3438,3,1
3439,3,1
3440,1,1
3441,3,1
3442,3,1
3443,3,1
3444,3,1
3445,1,1
3446,3,1
3447,3,1
3448,3,1
3449,3,1
3450,3,1
3451,3,1
3452,3,1
3453,3,1
3454,3,1
3455,3,1
3456,1,1
3457,3,1
3458,3,1
3459,3,1
3460,3,1
3461,3,1
3462,3,1
3463,3,1
3464,3,1
3465,3,4
3466,2,4
3467,3,4
3468,3,4
3469,3,4
3470,3,2
3471,1,2
3472,3,2
3473,3,2
3474,3,2
3475,3,2
3476,3,2
3477,3,2
3478,3,2
3479,3,1
3480,3,1
3481,3,1
3482,3,1
3483,3,1
3484,3,1
3485,1,1
3486,3,1
3487,3,1
3488,3,1
3489,3,1
3490,3,1
3491,3,1
3492,2,1
3493,3,1
3494,3,1
3495,3,1
3496,3,1
3497,3,1
3498,3,1
3499,2,2
3500,2,2
3501,3,2
3502,2,2
3503,2,2
3504,2,2
3505,2,2
3506,2,2
3507,2,2
3508,2,2
3509,3,2
3510,2,2
3511,3,2
3512,3,2
3513,2,2
3514,2,2
3515,2,2
3516,3,2
3517,3,2
3518,3,2
3519,3,2
3520,3,2
3521,3,2
3522,3,2
3523,3,2
3524,2,2
3525,2,2
3526,3,2
3527,3,2
3528,3,2
3529,3,2
3530,3,2
3531,3,2
3532,3,2
3533,3,2
3534,3,2
3535,3,2
3536,3,2
3537,3,2
3538,3,2
3539,3,2
3540,3,2
3541,3,2
3542,2,2
3543,3,2
3544,3,2
3545,3,2
3546,3,2
3547,3,2
3548,3,2
3549,3,2
3550,3,2
3551,3,2
3552,3,2
3553,3,2
3554,3,2
3555,3,2
3556,2,2
3557,3,2
3558,3,2
3559,2,4
3560,3,4
3561,3,4
3562,3,2
3563,3,2
3564,3,2
3565,3,2
3566,3,2
3567,3,2
3568,3,2
3569,3,2
3570,1,2
3571,3,2
3572,3,2
3573,3,3
3574,3,3
3575,2,2
3576,3,2
3577,2,2
3578,2,2
3579,3,2
3580,3,2
3581,3,2
3582,3,2
3583,3,2
3584,3,2
3585,3,2
3586,2,2
3587,3,2
3588,3,2
3589,3,2
3590,3,2
3591,3,1
3592,3,1
3593,1,1
3594,1,1
3595,1,1
3596,1,1
3597,1,1
3598,1,1
3599,1,1
3600,1,1
3601,1,1
3602,1,1
3603,1,1
3604,1,1
3605,1,1
3606,3,1
3607,3,1
3608,3,1
3609,1,1
3610,1,1
3611,1,1
3612,1,1
3613,1,1
3614,1,1
3615,1,1
3616,1,1
3617,1,1
3618,1,1
3619,1,1
3620,1,1
3621,1,1
3622,1,1
3623,1,1
3624,1,1
3625,1,1
3626,1,1
3627,1,1
3628,1,1
3629,1,1
3630,1,1
3631,1,1
3632,1,1
3633,1,1
3634,1,1
3635,1,1
3636,1,1
3637,1,1
3638,1,1
3639,1,1
3640,3,1
3641,1,1
3642,1,1
3643,1,1
3644,1,1
3645,1,1
3646,1,1
3647,1,1
3648,1,1
3649,1,1
3650,1,1
3651,1,1
3652,1,1
3653,1,1
3654,1,1
3655,1,1
3656,1,1
3657,3,1
3658,1,1
3659,1,1
3660,1,1
3661,1,1
3662,1,1
3663,1,1
3664,1,1
3665,1,1
3666,1,1
3667,1,1
3668,1,1
3669,1,1
3670,1,1
3671,1,1
3672,1,1
3673,1,1
3674,1,1
3675,1,1
3676,1,1
3677,1,1
3678,1,1
3679,1,1
3680,1,1
3681,1,1
3682,1,1
3683,1,1
3684,1,1
3685,1,1
3686,1,1
3687,1,1
3688,1,1
3689,1,1
3690,1,1
3691,1,1
3692,1,1
3693,1,1
3694,1,1
3695,1,1
3696,1,1
3697,1,1
3698,1,1
3699,1,1
3700,1,1
3701,1,1
3702,1,1
3703,1,1
3704,1,1
3705,1,1
3706,1,1
3707,1,1
3708,1,1
3709,1,1
3710,1,1
3711,1,1
3712,1,1
3713,1,1
3714,1,1
3715,1,1
3716,1,1
3717,1,1
3718,3,3
3719,2,3
3720,3,3
3721,1,3
3722,2,3
3723,3,3
3724,3,3
3725,3,3
3726,3,3
3727,3,3
3728,3,3
3729,2,3
3730,1,1
3731,1,1
3732,1,1
3733,1,1
3734,1,1
3735,1,1
3736,1,1
3737,1,1
3738,1,1
3739,1,1
3740,1,1
3741,1,1
3742,1,1
3743,1,1
3744,1,1
3745,1,1
3746,1,1
3747,1,1
3748,1,1
3749,1,1
3750,1,1
3751,1,1
3752,1,1
3753,1,1
3754,1,1
3755,1,1
3756,1,1
3757,3,1
3758,1,1
3759,3,1
3760,1,1
3761,3,1
3762,3,1
3763,1,1
3764,1,1
3765,1,1
3766,1,1
3767,1,1
3768,1,1
3769,1,1
3770,1,1
3771,1,1
3772,1,1
3773,1,1
3774,3,1
3775,1,1
3776,1,1
3777,1,1
3778,1,1
3779,1,1
3780,1,1
3781,1,1
3782,1,1
3783,1,1
3784,3,1
3785,3,1
3786,3,1
3787,1,1
3788,1,1
3789,1,1
3790,1,1
3791,1,1
3792,1,1
3793,1,1
3794,1,1
3795,1,1
3796,1,1
3797,1,1
3798,1,1
3799,1,1
3800,1,1
3801,1,1
3802,1,1
3803,1,1
3804,1,1
3805,1,1
3806,3,1
3807,3,1
3808,1,1
3809,1,1
3810,1,1
3811,1,1
3812,1,1
3813,1,1
3814,1,1
3815,1,1
3816,1,3
3817,1,3
3818,1,3
3819,1,3
3820,1,3
3821,1,3
3822,1,1
3823,1,1
3824,1,1
3825,1,1
3826,1,1
3827,1,1
3828,1,1
3829,1,1
3830,1,1
3831,1,1
3832,1,1
3833,1,1
3834,1,1
3835,1,1
3836,1,1
3837,1,1
3838,1,1
3839,1,1
3840,1,1
3841,1,1
3842,1,1
3843,1,1
3844,1,1
3845,1,1
3846,1,1
3847,1,1
3848,1,1
3849,1,4
3850,3,4
3851,3,4
3852,3,4
3853,3,4
3854,3,4
3855,3,4
3856,3,4
3857,1,4
3858,3,4
3859,3,4
3860,3,4
3861,3,4
3862,2,4
3863,2,4
3864,2,4
3865,2,4
3866,2,4
3867,2,4
3868,3,1
3869,3,1
3870,1,1
3871,3,1
3872,3,1
3873,3,1
3874,3,1
3875,3,1
3876,3,1
3877,3,1
3878,3,1
3879,3,1
3880,3,1
3881,3,1
3882,1,3
3883,1,3
3884,3,3
3885,1,3
3886,3,1
3887,3,1
3888,3,1
3889,3,1
3890,1,1
3891,1,1
3892,1,1
3893,1,1
3894,3,1
3895,1,1
3896,1,1
3897,1,1
3898,3,1
3899,1,1
3900,1,1
3901,3,1
3902,1,1
3903,1,1
3904,1,1
3905,1,1
3906,1,1
3907,3,1
3908,3,1
3909,1,1
3910,1,1
3911,1,1
3912,3,3
3913,3,3
3914,1,3
3915,1,1
3916,1,1
3917,1,1
3918,3,1
3919,1,1
3920,1,1
3921,3,1
3922,1,1
3923,3,1
3924,1,1
3925,1,1
3926,1,1
3927,1,1
3928,1,1
3929,3,1
3930,1,1
3931,1,1
3932,3,1
3933,1,1
3934,3,1
3935,3,1
3936,1,1
3937,3,1
3938,3,1
3939,3,1
3940,3,1
3941,1,1
3942,3,1
3943,3,1
3944,3,1
3945,1,1
3946,1,1
3947,3,1
3948,1,1
3949,3,1
3950,3,1
3951,1,1
3952,1,1
3953,1,1
3954,1,1
3955,3,1
3956,3,1
3957,3,1
3958,3,1
3959,3,1
3960,3,1
3961,3,1
3962,1,1
3963,3,1
3964,3,1
3965,3,1
3966,1,1
3967,3,1
3968,1,1
3969,3,1
3970,1,1
3971,3,1
3972,3,1
3973,3,1
3974,3,1
3975,3,1
3976,3,1
3977,3,1
3978,3,1
3979,3,1
3980,3,1
3981,1,2
3982,3,2
3983,1,2
3984,3,2
3985,3,2
3986,3,2
3987,3,2
3988,1,2
3989,1,2
3990,3,2
3991,3,4
3992,3,4
3993,2,4
3994,2,4
3995,3,4
3996,3,4
3997,3,2
3998,3,2
3999,3,2
4000,3,2
4001,3,2
4002,3,2
4003,3,2
4004,1,2
4005,2,2
4006,3,1
4007,1,1
4008,3,1
4009,3,1
4010,3,2
4011,3,2
4012,1,2
4013,3,2
4014,3,2
4015,1,2
4016,1,4
4017,3,4
4018,1,4
4019,3,4
4020,3,4
4021,1,1
4022,1,1
4023,1,1
4024,1,1
4025,1,1
4026,3,1
4027,1,1
4028,1,1
4029,1,1
4030,1,1
4031,1,1
4032,1,1
4033,1,1
4034,1,1
4035,1,1
4036,1,1
4037,1,1
4038,1,1
4039,3,1
4040,1,1
4041,1,1
4042,1,1
4043,1,1
4044,1,1
4045,1,1
4046,1,1
4047,3,1
4048,1,1
4049,1,1
4050,1,1
4051,1,1
4052,1,1
4053,1,1
4054,1,1
4055,1,1
4056,1,1
4057,1,1
4058,1,1
4059,1,1
4060,3,1
4061,3,1
4062,3,1
4063,1,1
4064,1,1
4065,3,1
4066,1,1
4067,3,1
4068,1,1
4069,3,1
4070,1,1
4071,3,1
4072,1,1
4073,3,1
4074,3,1
4075,1,1
4076,1,1
4077,1,1
4078,1,1
4079,3,1
4080,3,1
4081,1,1
4082,3,1
4083,1,1
4084,1,1
4085,3,1
4086,1,1
4087,1,1
4088,1,1
4089,1,1
4090,1,1
4091,1,1
4092,1,1
4093,1,1
4094,1,1
4095,1,1
4096,1,1
4097,1,1
4098,3,1
4099,1,1
4100,1,2
4101,1,2
4102,1,2
4103,1,2
4104,1,2
4105,1,2
4106,3,1
4107,3,1
4108,3,1
4109,3,1
4110,3,1
4111,3,1
4112,3,1
4113,3,1
4114,3,1
4115,3,1
4116,1,1
4117,1,1
4118,3,1
4119,3,1
4120,1,1
4121,3,1
4122,1,1
4123,1,1
4124,1,1
4125,1,1
4126,1,1
4127,1,1
4128,3,1
4129,1,1
4130,1,1
4131,1,1
4132,1,1
4133,1,1
4134,1,1
4135,1,1
4136,3,1
4137,3,1
4138,1,1
4139,3,1
4140,1,1
4141,3,1
4142,3,1
4143,3,1
4144,3,1
4145,1,1
4146,1,1
4147,1,1
4148,1,1
4149,1,1
4150,3,1
4151,1,1
4152,1,1
4153,1,1
4154,1,1
4155,1,1
4156,1,1
4157,3,1
4158,1,1
4159,3,1
4160,1,1
4161,1,1
4162,1,1
4163,1,1
4164,1,1
4165,1,1
4166,1,1
4167,1,1
4168,1,1
4169,1,1
4170,1,1
4171,1,1
4172,1,1
4173,1,1
4174,1,1
4175,1,1
4176,1,1
4177,1,1
4178,1,1
4179,1,1
4180,1,1
4181,1,1
4182,1,1
4183,1,1
4184,1,1
4185,1,1
4186,3,1
4187,1,1
4188,1,1
4189,1,1
4190,1,1
4191,1,1
4192,1,1
4193,1,1
4194,1,1
4195,3,1
4196,1,1
4197,1,1
4198,1,1
4199,1,1
4200,1,1
4201,1,1
4202,1,1
4203,1,1
4204,1,1
4205,1,3
4206,1,3
4207,1,3
4208,1,3
4209,1,1
4210,1,1
4211,1,1
4212,1,1
4213,1,1
4214,1,1
4215,1,1
4216,1,1
4217,1,1
4218,1,1
4219,1,1
4220,1,1
4221,1,1
4222,1,1
4223,1,1
4224,1,1
4225,1,1
4226,3,1
4227,1,1
4228,1,1
4229,1,1
4230,1,1
4231,1,1
4232,3,1
4233,1,1
4234,1,1
4235,1,1
4236,1,1
4237,3,1
4238,1,1
4239,3,1
4240,3,2
4241,3,2
4242,3,2
4243,2,2
4244,3,2
4245,2,2
4246,2,2
4247,2,2
4248,2,2
4249,2,2
4250,3,2
4251,3,2
4252,3,2
4253,3,2
4254,2,2
4255,3,2
4256,2,2
4257,3,2
4258,3,2
4259,3,2
4260,3,2
4261,2,2
4262,3,2
4263,3,2
4264,2,2
4265,3,2
4266,3,2
4267,3,1
4268,3,1
4269,3,1
4270,3,1
4271,3,1
4272,3,1
4273,3,1
4274,3,1
4275,3,1
4276,3,1
4277,3,1
4278,3,1
4279,3,3
4280,3,1
4281,3,1
4282,3,1
4283,3,1
4284,3,1
4285,1,1
4286,2,1
4287,3,1
4288,1,1
4289,3,1
4290,3,1
4291,3,1
4292,3,1
4293,3,1
4294,3,1
4295,3,1
4296,3,1
4297,3,1
4298,3,1
4299,3,1
4300,3,1
4301,3,1
4302,3,1
4303,3,1
4304,3,1
4305,3,1
4306,3,1
4307,3,1
4308,3,1
4309,3,1
4310,3,1
4311,3,1
4312,3,1
4313,3,1
4314,1,1
4315,3,1
4316,3,1
4317,3,1
4318,3,1
4319,3,1
4320,3,1
4321,3,3
4322,3,3
4323,1,1
4324,3,1
4325,3,1
4326,3,1
4327,3,1
4328,3,1
4329,3,2
4330,1,2
4331,3,2
4332,3,2
4333,3,2
4334,3,2
4335,2,1
4336,3,1
4337,3,1
4338,3,1
4339,3,1
4340,3,1
4341,3,1
4342,3,1
4343,3,1
4344,3,0
4345,3,0
4346,1,0
4347,1,0
4348,3,0
4349,1,0
4350,3,1
4351,3,1
4352,3,1
4353,3,1
4354,1,1
4355,3,1
4356,1,1
4357,3,1
4358,1,1
4359,3,1
4360,1,1
4361,1,1
4362,1,1
4363,1,1
4364,1,1
4365,1,1
4366,1,1
4367,1,1
4368,1,1
4369,1,1
4370,1,1
4371,1,1
4372,1,1
4373,1,1
4374,1,1
4375,1,1
4376,1,1
4377,1,1
4378,1,1
4379,1,1
4380,1,1
4381,1,1
4382,1,1
4383,1,1
4384,1,1
4385,1,1
4386,1,1
4387,1,1
4388,1,1
4389,1,1
4390,1,1
4391,1,1
4392,1,1
4393,1,1
4394,1,2
4395,1,1
4396,1,1
4397,1,1
4398,3,1
4399,1,1
4400,1,1
4401,1,1
4402,1,1
4403,1,1
4404,1,1
4405,1,1
4406,1,1
4407,1,1
4408,1,1
4409,1,1
4410,1,1
4411,1,1
4412,3,1
4413,1,1
4414,1,1
4415,1,1
4416,1,1
4417,1,1
4418,1,1
4419,1,1
4420,1,1
4421,1,1
4422,1,1
4423,1,1
4424,1,1
4425,1,1
4426,1,1
4427,1,1
4428,1,1
4429,1,1
4430,1,1
4431,1,1
4432,1,1
4433,1,1
4434,1,1
4435,1,1
4436,1,1
4437,1,1
4438,1,1
4439,1,1
4440,1,1
4441,1,1
4442,1,1
4443,1,1
4444,1,1
4445,1,1
4446,1,1
4447,1,1
4448,1,1
4449,3,2
4450,3,2
4451,3,2
4452,2,2
4453,3,2
4454,3,2
4455,3,2
4456,3,2
4457,2,2
4458,3,2
4459,3,2
4460,3,2
4461,2,2
4462,3,2
4463,3,2
4464,3,2
4465,3,2
4466,2,2
4467,3,2
4468,3,2
4469,2,2
4470,2,2
4471,3,2
4472,3,2
4473,3,2
4474,3,2
4475,2,2
4476,3,2
4477,3,2
4478,3,2
4479,3,2
4480,3,2
4481,3,2
4482,3,2
4483,2,2
4484,3,2
4485,3,2
4486,3,2
4487,3,2
4488,3,2
4489,3,2
4490,3,2
4491,2,2
4492,3,2
4493,2,2
4494,3,2
4495,3,2
4496,3,2
4497,3,2
4498,3,2
4499,3,2
4500,2,2
4501,2,2
4502,3,2
4503,3,2
4504,3,2
4505,2,2
4506,2,2
4507,3,2
4508,3,3
4509,2,3
4510,3,3
4511,3,3
4512,3,3
4513,3,2
4514,3,2
4515,3,2
4516,2,2
4517,3,2
4518,3,2
4519,3,2
4520,3,2
4521,3,2
4522,2,2
4523,3,2
4524,3,2
4525,2,2
4526,3,2
4527,2,2
4528,3,2
4529,2,2
4530,3,2
4531,3,2
4532,3,2
4533,3,2
4534,3,2
4535,3,2
4536,2,2
4537,3,2
4538,2,2
4539,3,2
4540,3,2
4541,2,2
4542,2,2
4543,2,2
4544,3,1
4545,3,1
4546,1,1
4547,3,1
4548,1,1
4549,1,1
4550,1,1
4551,3,1
4552,3,1
4553,2,1
4554,3,1
4555,3,1
4556,1,1
4557,1,1
4558,1,1
4559,1,1
4560,1,1
4561,1,1
4562,1,1
4563,1,1
4564,1,1
4565,1,1
4566,1,1
4567,1,1
4568,1,1
4569,1,1
4570,1,1
4571,1,1
4572,1,1
4573,1,1
4574,1,1
4575,1,1
4576,1,1
4577,1,1
4578,1,1
4579,1,1
4580,1,1
4581,1,1
4582,1,1
4583,1,1
4584,3,1
4585,1,1
4586,1,1
4587,1,1
4588,1,1
4589,1,1
4590,1,1
4591,1,1
4592,1,1
4593,1,1
4594,1,1
4595,1,1
4596,1,1
4597,1,1
4598,1,1
4599,1,1
4600,1,1
4601,1,1
4602,1,1
4603,1,1
4604,1,1
4605,1,1
4606,1,1
4607,1,1
4608,1,1
4609,1,1
4610,1,1
4611,3,1
4612,1,1
4613,1,1
4614,1,1
4615,1,1
4616,1,1
4617,3,4
4618,1,4
4619,1,4
4620,3,4
4621,3,4
4622,3,4
4623,3,4
4624,3,4
4625,3,4
4626,3,4
4627,3,4
4628,3,4
4629,3,4
4630,2,4
4631,1,4
4632,3,1
4633,3,1
4634,3,1
4635,1,1
4636,3,1
4637,1,1
4638,1,1
4639,1,1
4640,1,1
4641,1,4
4642,1,4
4643,3,4
4644,3,4
4645,3,4
4646,3,4
4647,3,4
4648,2,4
4649,2,4
4650,3,4
4651,3,4
4652,3,4
4653,3,4
4654,3,2
4655,2,2
4656,3,2
4657,3,2
4658,3,2
4659,1,1
4660,3,1
4661,1,1
4662,3,1
4663,1,1
4664,1,1
4665,1,1
4666,1,1
4667,1,1
4668,1,1
4669,1,1
4670,1,1
4671,1,1
4672,1,1
4673,1,1
4674,1,1
4675,1,1
4676,1,1
4677,1,1
4678,1,1
4679,1,1
4680,1,1
4681,1,1
4682,1,1
4683,1,1
4684,1,1
4685,1,1
4686,1,1
4687,1,1
4688,1,1
4689,1,1
4690,1,1
4691,1,1
4692,1,1
4693,1,1
4694,1,1
4695,1,1
4696,1,1
4697,1,1
4698,1,1
4699,1,1
4700,3,1
4701,1,1
4702,1,1
4703,1,1
4704,1,1
4705,1,1
4706,1,1
4707,1,1
4708,1,1
4709,1,1
4710,1,1
4711,1,1
4712,1,1
4713,1,1
4714,1,1
4715,1,1
4716,1,1
4717,1,3
4718,1,3
4719,1,3
4720,1,3
4721,1,3
4722,1,3
4723,1,1
4724,1,1
4725,1,1
4726,1,1
4727,1,1
4728,1,1
4729,1,1
4730,1,1
4731,1,1
4732,1,1
4733,1,1
4734,1,1
4735,1,1
4736,1,1
4737,1,1
4738,1,1
4739,1,1
4740,1,1
4741,3,1
4742,1,1
4743,1,1
4744,1,1
4745,1,1
4746,3,1
4747,1,1
4748,1,1
4749,1,1
4750,3,1
4751,1,1
4752,3,1
4753,3,1
4754,3,1
4755,1,1
4756,1,1
4757,1,1
4758,1,1
4759,1,1
4760,1,1
4761,1,1
4762,1,1
4763,1,1
4764,3,1
4765,1,1
4766,1,1
4767,1,1
4768,3,1
4769,3,1
4770,3,1
4771,1,3
4772,3,3
4773,1,3
4774,3,3
4775,1,2
4776,2,2
4777,3,2
4778,3,2
4779,2,2
4780,2,2
4781,3,2
4782,2,2
4783,3,2
4784,2,2
4785,2,2
4786,3,2
4787,3,2
4788,2,2
4789,3,2
4790,3,2
4791,3,2
4792,3,2
4793,3,2
4794,3,2
4795,2,2
4796,3,2
4797,3,2
4798,3,2
4799,3,2
4800,2,2
4801,3,2
4802,3,2
4803,3,2
4804,3,2
4805,3,2
4806,3,2
4807,3,2
4808,3,2
4809,3,2
4810,3,2
4811,3,2
4812,3,2
4813,3,2
4814,3,2
4815,3,2
4816,2,2
4817,3,2
4818,3,2
4819,3,2
4820,3,2
4821,3,2
4822,3,2
4823,2,2
4824,2,2
4825,3,2
4826,3,2
4827,2,2
4828,3,2
4829,2,2
4830,3,2
4831,3,2
4832,3,2
4833,2,2
4834,3,2
4835,2,2
4836,2,2
4837,3,2
4838,2,2
4839,3,2
4840,3,2
4841,2,2
4842,2,2
4843,2,2
4844,3,2
4845,3,2
4846,2,2
4847,2,2
4848,2,2
4849,2,2
4850,2,2
4851,2,2
4852,3,2
4853,2,2
4854,2,2
4855,3,1
4856,3,1
4857,1,1
4858,3,1
4859,1,1
4860,3,1
4861,1,1
4862,1,1
4863,1,1
4864,1,1
4865,1,1
4866,1,1
4867,1,1
4868,1,1
4869,1,1
4870,1,1
4871,1,1
4872,1,1
4873,1,1
4874,1,1
4875,1,1
4876,1,1
4877,1,1
4878,1,1
4879,1,1
4880,1,1
4881,1,1
4882,1,1
4883,1,1
4884,1,1
4885,1,1
4886,1,1
4887,1,1
4888,1,1
4889,1,1
4890,1,1
4891,1,1
4892,1,1
4893,1,1
4894,1,1
4895,1,1
4896,1,1
4897,1,1
4898,1,1
4899,1,1
4900,1,1
4901,1,1
4902,1,1
4903,1,1
4904,1,1
4905,1,1
4906,1,1
4907,1,1
4908,1,1
4909,1,1
4910,1,1
4911,1,1
4912,1,1
4913,1,1
4914,1,1
4915,1,1
4916,1,1
4917,1,1
4918,1,1
4919,1,1
4920,1,1
4921,1,1
4922,1,1
4923,1,1
4924,1,1
4925,1,1
4926,1,1
4927,1,1
4928,1,1
4929,1,1
4930,1,1
4931,1,1
4932,1,1
4933,1,1
4934,1,1
4935,1,1
4936,1,1
4937,1,1
4938,1,1
4939,1,1
4940,1,1
4941,1,1
4942,1,1
4943,1,1
4944,1,1
4945,1,1
4946,1,1
4947,1,1
4948,1,1
4949,1,1
4950,1,1
4951,1,1
4952,1,1
4953,1,1
4954,1,1
4955,1,1
4956,1,1
4957,1,1
4958,1,1
4959,1,1
4960,1,1
4961,1,1
4962,1,1
4963,1,1
4964,1,1
4965,1,1
4966,1,1
4967,3,1
4968,3,1
4969,3,1
4970,3,1
4971,1,1
4972,3,1
4973,1,1
4974,1,1
4975,3,1
4976,3,1
4977,1,1
4978,1,1
4979,1,1
4980,1,1
4981,1,1
4982,1,1
4983,3,1
4984,1,1
4985,1,1
4986,1,1
4987,1,1
4988,1,1
4989,1,1
4990,1,1
4991,1,1
4992,3,1
4993,1,1
4994,1,1
4995,1,1
4996,3,1
4997,1,1
4998,1,1
4999,1,1
5000,1,1
5001,1,1
5002,1,1
5003,1,1
5004,1,1
5005,1,1
5006,1,1
5007,1,1
5008,1,1
5009,1,1
5010,1,1
5011,1,1
5012,1,1
5013,1,1
5014,1,1
5015,1,1
5016,1,1
5017,1,1
5018,1,1
5019,1,1
5020,1,1
5021,1,1
5022,1,1
5023,1,1
5024,1,1
5025,1,1
5026,1,1
5027,1,1
5028,1,1
5029,1,1
5030,1,1
5031,1,1
5032,1,1
5033,1,1
5034,1,1
5035,1,1
5036,1,1
5037,1,1
5038,1,1
5039,1,1
5040,1,1
5041,1,1
5042,1,1
5043,1,1
5044,1,1
5045,1,1
5046,3,1
5047,1,1
5048,1,1
5049,1,1
5050,1,1
5051,1,1
5052,1,3
5053,1,3
5054,1,3
5055,1,3
5056,3,1
5057,1,1
5058,3,1
5059,1,1
5060,3,1
5061,1,1
5062,3,1
5063,3,1
5064,3,1
5065,3,1
5066,1,1
5067,1,1
5068,3,1
5069,1,1
5070,3,1
5071,1,1
5072,3,2
5073,1,2
5074,1,2
5075,1,2
5076,1,2
5077,1,2
5078,1,2
5079,3,2
5080,1,2
5081,1,2
5082,1,4
5083,1,4
5084,1,4
5085,1,4
5086,1,4
5087,1,4
5088,1,4
5089,1,4
5090,3,4
5091,1,4
5092,3,4
5093,1,4
5094,1,4
5095,1,4
5096,1,4
5097,1,4
5098,1,4
5099,1,4
5100,1,4
5101,1,4
5102,3,2
5103,3,2
5104,1,2
5105,1,2
5106,3,2
5107,3,2
5108,1,2
5109,3,2
5110,3,2
5111,1,2
5112,1,2
5113,2,2
5114,3,2
5115,3,2
5116,1,2
5117,1,2
5118,2,2
5119,3,2
5120,2,2
5121,3,2
5122,3,2
5123,2,2
5124,3,2
5125,1,2
5126,1,2
5127,3,2
5128,3,2
5129,3,2
5130,3,2
5131,3,2
5132,3,2
5133,3,2
5134,3,2
5135,2,2
5136,3,2
5137,3,2
5138,3,2
5139,1,2
5140,3,2
5141,3,2
5142,3,2
5143,3,2
5144,3,2
5145,1,2
5146,3,2
5147,2,2
5148,3,2
5149,3,2
5150,3,2
5151,3,2
5152,3,2
5153,3,2
5154,3,2
5155,3,2
5156,3,4
5157,3,4
5158,1,1
5159,1,1
5160,1,1
5161,1,1
5162,1,1
5163,3,1
5164,1,1
5165,1,1
5166,1,1
5167,1,1
5168,3,1
5169,1,1
5170,1,1
5171,1,1
5172,1,1
5173,1,1
5174,1,1
5175,3,1
5176,1,1
5177,1,1
5178,1,1
5179,1,1
5180,1,1
5181,1,1
5182,1,1
5183,1,1
5184,1,1
5185,1,1
5186,1,1
5187,1,1
5188,1,1
5189,1,1
5190,1,1
5191,1,1
5192,1,1
5193,3,1
5194,1,1
5195,1,1
5196,1,1
5197,1,1
5198,1,1
5199,1,1
5200,1,1
5201,1,1
5202,1,1
5203,2,4
5204,2,4
5205,2,4
5206,2,4
5207,3,4
5208,2,4
5209,2,4
5210,2,4
5211,2,4
5212,3,2
5213,2,2
5214,3,2
5215,3,2
5216,3,2
5217,2,4
5218,3,4
5219,2,4
5220,3,1
5221,3,1
5222,3,1
5223,1,1
5224,1,1
5225,1,1
5226,3,1
5227,1,1
5228,1,1
5229,1,1
5230,1,1
5231,3,1
5232,1,1
5233,1,1
5234,1,1
5235,3,1
5236,1,1
5237,1,1
5238,1,1
5239,1,1
5240,1,1
5241,1,1
5242,1,1
5243,1,1
5244,1,1
5245,1,1
5246,1,1
5247,1,1
5248,1,1
5249,1,1
5250,1,1
5251,1,1
5252,1,1
5253,1,1
5254,1,1
5255,1,1
5256,1,1
5257,1,1
5258,1,1
5259,1,1
5260,1,1
5261,1,1
5262,1,1
5263,1,1
5264,1,1
5265,1,1
5266,1,1
5267,1,1
5268,1,1
5269,1,1
5270,1,1
5271,1,1
5272,1,1
5273,1,1
5274,1,1
5275,1,1
5276,1,1
5277,1,1
5278,1,1
5279,1,1
5280,3,1
5281,1,1
5282,1,1
5283,1,1
5284,3,1
5285,1,1
5286,1,1
5287,2,1
5288,1,1
5289,1,1
5290,1,1
5291,1,1
5292,1,1
5293,1,1
5294,1,1
5295,1,1
5296,1,1
5297,1,1
5298,1,1
5299,1,1
5300,1,1
5301,1,1
5302,1,1
5303,1,1
5304,3,1
5305,3,1
5306,1,1
5307,1,1
5308,3,1
5309,3,1
5310,1,1
5311,3,1
5312,1,1
5313,1,1
5314,3,1
5315,1,2
5316,3,2
5317,1,2
5318,1,2
5319,3,2
5320,1,2
5321,2,2
5322,2,2
5323,1,2
5324,3,2
5325,3,2
5326,1,1
5327,1,1
5328,1,1
5329,1,1
5330,1,1
5331,1,1
5332,1,1
5333,1,1
5334,1,1
5335,1,1
5336,1,1
5337,1,1
5338,1,1
5339,1,1
5340,1,1
5341,1,1
5342,1,1
5343,1,1
5344,1,1
5345,1,1
5346,1,1
5347,1,1
5348,1,1
5349,1,1
5350,1,1
5351,1,1
5352,1,1
5353,1,1
5354,1,1
5355,1,1
5356,1,1
5357,1,1
5358,1,1
5359,1,1
5360,1,1
5361,1,1
5362,1,1
5363,1,1
5364,1,1
5365,1,1
5366,1,1
5367,1,1
5368,1,1
5369,1,1
5370,1,1
5371,1,1
5372,1,1
5373,1,1
5374,1,1
5375,1,1
5376,1,1
5377,1,1
5378,1,1
5379,1,1
5380,1,1
5381,1,1
5382,1,1
5383,1,1
5384,1,1
5385,1,1
5386,1,1
5387,1,1
5388,1,1
5389,1,1
5390,1,1
5391,1,1
5392,1,1
5393,1,1
5394,1,1
5395,1,1
5396,1,1
5397,1,1
5398,1,1
5399,1,1
5400,1,1
5401,1,1
5402,1,1
5403,1,1
5404,1,1
5405,1,1
5406,1,1
5407,1,1
5408,1,1
5409,1,1
5410,1,1
5411,1,1
5412,1,1
5413,1,1
5414,1,1
5415,1,1
5416,1,1
5417,1,1
5418,1,1
5419,1,1
5420,1,1
5421,1,1
5422,1,1
5423,1,1
5424,1,1
5425,1,1
5426,1,1
5427,1,1
5428,3,1
5429,1,1
5430,1,1
5431,1,1
5432,1,1
5433,1,1
5434,1,1
5435,1,1
5436,1,1
5437,1,1
5438,1,1
5439,1,1
5440,1,1
5441,1,1
5442,1,2
5443,1,2
5444,3,2
5445,3,2
5446,3,2
5447,3,2
5448,3,2
5449,3,2
5450,3,2
5451,3,2
5452,3,2
5453,3,2
5454,1,2
5455,3,2
5456,3,2
5457,3,2
5458,2,4
5459,2,4
5460,3,4
5461,2,4
5462,3,4
5463,2,4
5464,2,4
5465,2,4
5466,2,4
5467,2,4
5468,1,1
5469,3,1
5470,2,1
5471,3,1
5472,1,1
5473,3,1
5474,3,1
5475,3,1
5476,3,1
5477,3,1
5478,3,1
5479,3,1
5480,1,1
5481,1,1
5482,1,1
5483,3,1
5484,1,1
5485,1,1
5486,3,1
5487,3,1
5488,3,1
5489,3,1
5490,3,1
5491,3,1
5492,3,1
5493,3,1
5494,3,1
5495,1,1
5496,3,1
5497,3,1
5498,1,1
5499,1,1
5500,1,1
5501,1,1
5502,1,1
5503,1,1
5504,1,1
5505,1,1
5506,1,1
5507,3,1
5508,3,1
5509,1,1
5510,3,1
5511,1,1
5512,3,1
5513,3,1
5514,1,1
5515,2,1
5516,1,1
5517,1,1
5518,1,1
5519,1,1
5520,1,1
5521,1,1
5522,1,1
5523,1,1
5524,1,1
5525,1,1
5526,3,1
5527,1,1
5528,1,1
5529,1,1
5530,1,1
5531,1,1
5532,1,1
5533,1,1
5534,1,1
5535,1,1
5536,1,1
5537,1,1
5538,1,1
5539,3,1
5540,1,1
5541,1,1
5542,3,1
5543,1,1
5544,1,1
5545,1,1
5546,1,1
5547,1,1
5548,1,1
5549,1,1
5550,1,1
5551,1,1
5552,1,1
5553,1,1
5554,1,1
5555,3,1
5556,1,1
5557,1,1
5558,1,1
5559,1,1
5560,1,1
5561,1,1
5562,1,1
5563,1,1
5564,1,1
5565,1,1
5566,1,1
5567,1,1
5568,1,1
5569,3,1
5570,1,1
5571,1,1
5572,1,1
5573,1,1
5574,1,1
5575,1,1
5576,1,1
5577,1,1
5578,1,1
5579,1,1
5580,1,1
5581,1,1
5582,1,1
5583,1,1
5584,1,1
5585,1,1
5586,1,1
5587,1,1
5588,1,1
5589,1,1
5590,1,1
5591,1,1
5592,3,1
5593,1,1
5594,1,1
5595,1,1
5596,1,1
5597,1,1
5598,3,1
5599,1,1
5600,2,1
5601,1,1
5602,1,1
5603,1,1
5604,3,1
5605,1,1
5606,1,1
5607,1,1
5608,3,1
5609,1,1
5610,3,2
5611,3,2
5612,3,2
5613,3,2
5614,3,2
5615,3,2
5616,3,2
5617,3,2
5618,3,2
5619,3,2
5620,2,2
5621,3,2
5622,3,2
5623,3,2
5624,3,2
5625,3,2
5626,1,2
5627,3,2
5628,1,2
5629,2,2
5630,2,2
5631,3,1
5632,2,1
5633,3,1
5634,3,1
5635,3,1
5636,3,1
5637,3,1
5638,3,1
5639,3,1
5640,3,1
5641,3,1
5642,3,1
5643,3,1
5644,1,1
5645,3,1
5646,1,1
5647,1,1
5648,1,1
5649,3,1
5650,1,1
5651,1,1
5652,3,1
5653,3,1
5654,3,1
5655,3,1
5656,3,1
5657,3,1
5658,3,1
5659,3,1
5660,3,1
5661,3,1
5662,3,1
5663,3,1
5664,1,1
5665,3,1
5666,3,1
5667,3,1
5668,3,1
5669,3,1
5670,3,1
5671,3,1
5672,3,1
5673,3,1
5674,3,1
5675,3,1
5676,3,1
5677,3,1
5678,3,1
5679,1,1
5680,1,1
5681,3,1
5682,1,1
5683,1,1
5684,1,1
5685,1,1
5686,3,1
5687,3,1
5688,1,1
5689,3,1
5690,1,1
5691,1,1
5692,1,1
5693,1,1
5694,1,1
5695,1,1
5696,1,1
5697,1,1
5698,3,1
5699,3,1
5700,1,1
5701,1,1
5702,3,1
5703,3,1
5704,1,1
5705,1,1
5706,3,1
5707,3,1
5708,1,1
5709,1,1
5710,3,1
5711,1,1
5712,1,1
5713,3,1
5714,1,1
5715,1,1
5716,1,1
5717,1,1
5718,1,1
5719,1,1
5720,1,1
5721,1,1
5722,1,1
5723,1,1
5724,1,1
5725,1,1
5726,1,1
5727,3,1
5728,1,1
5729,1,1
5730,1,1
5731,1,1
5732,1,1
5733,1,1
5734,1,1
5735,1,1
5736,1,1
5737,3,1
5738,1,1
5739,1,1
5740,1,1
5741,1,1
5742,1,1
5743,1,1
5744,1,1
5745,3,1
5746,1,1
5747,1,1
5748,1,1
5749,1,1
5750,1,1
5751,1,1
5752,3,1
5753,1,1
5754,1,1
5755,3,1
5756,1,1
5757,1,1
5758,1,1
5759,1,1
5760,1,1
5761,3,1
5762,1,1
5763,1,1
5764,1,1
5765,3,1
5766,3,1
5767,1,1
5768,1,1
5769,1,1
5770,3,1
5771,3,1
5772,3,1
5773,3,1
5774,3,1
5775,3,1
5776,3,1
5777,3,1
5778,3,1
5779,1,1
5780,2,1
5781,3,1
5782,1,1
5783,1,1
5784,3,1
5785,3,1
5786,1,1
5787,3,1
5788,3,1
5789,3,1
5790,1,1
5791,1,1
5792,3,1
5793,3,1
5794,1,1
5795,1,1
5796,1,1
5797,1,1
5798,3,1
5799,3,1
5800,3,1
5801,1,1
5802,1,1
5803,1,1
5804,1,1
5805,1,1
5806,1,1
5807,1,1
5808,1,1
5809,1,1
5810,1,1
5811,1,1
5812,1,1
5813,1,1
5814,1,1
5815,1,1
5816,1,1
5817,1,1
5818,1,1
5819,1,1
5820,1,1
5821,1,1
5822,1,1
5823,1,1
5824,1,1
5825,1,1
5826,1,1
5827,1,1
5828,1,1
5829,2,2
5830,3,2
5831,1,2
5832,3,4
5833,2,4
5834,1,2
5835,3,2
5836,3,2
5837,2,2
5838,3,2
5839,3,2
5840,3,2
5841,3,2
5842,3,2
5843,3,2
5844,3,2
5845,3,2
5846,3,2
5847,3,2
5848,2,2
5849,3,2
5850,3,2
5851,2,2
5852,3,2
5853,3,2
5854,3,2
5855,3,2
5856,2,2
5857,3,2
5858,3,4
5859,2,4
5860,2,4
5861,2,2
5862,3,2
5863,2,2
5864,2,2
5865,3,2
5866,3,1
5867,3,1
5868,3,1
5869,3,1
5870,3,1
5871,3,1
5872,3,1
5873,3,1
5874,3,1
5875,3,1
5876,3,1
5877,3,1
5878,3,1
5879,3,1
5880,3,1
5881,3,1
5882,3,1
5883,3,1
5884,3,1
5885,3,1
5886,3,1
5887,3,1
5888,1,1
5889,1,1
5890,1,1
5891,3,1
5892,3,1
5893,1,1
5894,1,1
5895,3,1
5896,3,1
5897,3,1
5898,3,1
5899,3,1
5900,3,1
5901,3,1
5902,1,1
5903,3,1
5904,3,1
5905,3,1
5906,3,1
5907,1,1
5908,3,1
5909,3,1
5910,3,1
5911,3,1
5912,3,2
5913,3,2
5914,1,2
5915,3,2
5916,1,2
5917,1,2
5918,3,2
5919,3,2
5920,1,2
5921,2,2
5922,3,2
5923,1,2
5924,2,2
5925,2,2
5926,2,2
5927,3,2
5928,3,2
5929,2,2
5930,1,2
5931,3,2
5932,3,2
5933,3,2
5934,3,1
5935,3,1
5936,3,1
5937,3,1
5938,3,1
5939,3,1
5940,3,4
5941,3,4
5942,1,4
5943,2,4
5944,2,4
5945,2,4
5946,3,2
5947,2,2
5948,3,2
5949,3,2
5950,2,2
5951,2,2
5952,3,2
5953,2,2
5954,3,2
5955,2,2
5956,3,2
5957,2,2
5958,2,2
5959,2,2
5960,2,2
5961,2,4
5962,2,4
5963,2,4
5964,2,4
5965,2,4
5966,3,4
5967,2,4
5968,2,4
5969,2,4
5970,2,4
5971,2,4
5972,2,4
5973,2,4
5974,2,4
5975,2,4
5976,3,4
5977,2,4
5978,2,4
5979,2,4
5980,2,4
5981,2,4
5982,3,4
5983,2,4
5984,2,4
5985,2,4
5986,3,4
5987,2,4
5988,2,4
5989,2,4
5990,2,4
5991,3,0
5992,2,0
5993,3,0
5994,2,0
5995,2,0
5996,3,0
5997,3,0
5998,3,0
5999,1,4
6000,2,4
6001,3,4
6002,3,4
6003,3,4
6004,3,4
6005,3,2
6006,2,2
6007,2,2
6008,3,2
6009,3,2
6010,2,2
6011,1,1
6012,1,1
6013,1,1
6014,1,1
6015,1,1
6016,1,1
6017,1,1
6018,1,1
6019,3,1
6020,1,1
6021,1,1
6022,1,1
6023,1,1
6024,2,1
6025,1,1
6026,1,1
6027,1,1
6028,1,1
6029,3,1
6030,1,1
6031,1,1
6032,1,1
6033,1,1
6034,1,1
6035,3,1
6036,1,1
6037,1,1
6038,3,1
6039,2,4
6040,2,4
6041,2,4
6042,2,4
6043,2,4
6044,2,4
6045,2,4
6046,2,4
6047,2,4
6048,3,4
6049,3,4
6050,3,4
6051,3,4
6052,3,4
6053,3,4
6054,3,2
6055,3,2
6056,3,2
6057,3,2
6058,3,2
6059,3,2
6060,3,2
6061,3,2
6062,3,2
6063,3,2
6064,3,2
6065,3,2
6066,3,2
6067,2,2
6068,3,2
6069,3,2
6070,2,2
6071,2,2
6072,3,2
6073,3,2
6074,3,2
6075,3,2
6076,3,2
6077,3,2
6078,2,2
6079,3,2
6080,3,2
6081,3,2
6082,3,2
6083,3,2
6084,3,2
6085,3,2
6086,2,2
6087,2,2
6088,3,2
6089,2,2
6090,2,2
6091,2,2
6092,2,2
6093,2,2
6094,2,2
6095,3,1
6096,3,1
6097,3,1
6098,3,1
6099,3,1
6100,3,1
6101,3,1
6102,3,1
6103,2,1
6104,3,1
6105,3,1
6106,1,1
6107,3,1
6108,3,1
6109,3,1
6110,3,1
6111,1,1
6112,3,1
6113,3,1
6114,3,1
6115,3,1
6116,3,1
6117,1,1
6118,3,1
6119,1,1
6120,1,1
6121,3,1
6122,1,1
6123,1,1
6124,1,1
6125,1,1
6126,1,1
6127,1,1
6128,1,1
6129,1,1
6130,1,1
6131,1,1
6132,3,1
6133,1,1
6134,3,1
6135,1,1
6136,3,1
6137,3,1
6138,3,1
6139,3,1
6140,3,1
6141,3,1
6142,3,1
6143,1,1
6144,1,1
6145,3,1
6146,1,1
6147,1,1
6148,3,1
6149,3,1
6150,3,1
6151,3,1
6152,1,1
6153,1,1
6154,1,1
6155,3,1
6156,3,1
6157,1,1
6158,1,1
6159,1,1
6160,1,1
6161,1,1
6162,3,1
6163,1,1
6164,3,1
6165,3,1
6166,1,1
6167,1,1
6168,3,1
6169,3,1
6170,3,1
6171,1,1
6172,3,1
6173,3,1
6174,3,1
6175,3,1
6176,3,1
6177,3,1
6178,1,1
6179,1,1
6180,3,1
6181,3,1
6182,1,1
6183,1,1
6184,3,1
6185,3,1
6186,3,1
6187,3,1
6188,3,1
6189,1,1
6190,1,1
6191,3,1
6192,1,1
6193,3,1
6194,3,1
6195,3,1
6196,3,1
6197,1,1
6198,3,1
6199,3,1
6200,1,1
6201,1,1
6202,3,1
6203,3,1
6204,3,1
6205,3,1
6206,3,1
6207,3,1
6208,3,1
6209,3,1
6210,1,1
6211,1,1
6212,3,1
6213,1,1
6214,1,1
6215,1,1
6216,1,1
6217,1,1
6218,1,1
6219,2,1
6220,1,1
6221,1,1
6222,1,1
6223,1,1
6224,1,1
6225,1,1
6226,1,1
6227,1,1
6228,3,1
6229,1,1
6230,1,1
6231,1,1
6232,1,1
6233,1,1
6234,1,1
6235,1,1
6236,1,1
6237,1,1
6238,1,1
6239,1,1
6240,1,1
6241,1,1
6242,1,1
6243,1,1
6244,1,1
6245,1,1
6246,3,1
6247,1,1
6248,1,1
6249,1,1
6250,1,1
6251,1,1
6252,1,1
6253,1,1
6254,1,1
6255,1,1
6256,1,1
6257,3,1
6258,3,1
6259,1,1
6260,3,1
6261,1,1
6262,1,1
6263,1,1
6264,1,1
6265,3,1
6266,1,1
6267,1,1
6268,1,1
6269,1,1
6270,1,1
6271,1,1
6272,1,1
6273,3,1
6274,1,1
6275,1,1
6276,1,1
6277,1,1
6278,1,1
6279,1,1
6280,1,1
6281,3,1
6282,2,1
6283,1,1
6284,1,1
6285,1,1
6286,1,1
6287,1,1
6288,1,1
6289,1,1
6290,1,1
6291,1,1
6292,3,1
6293,1,1
6294,3,1
6295,1,1
6296,3,1
6297,1,1
6298,3,1
6299,1,1
6300,1,1
6301,1,1
6302,1,1
6303,1,1
6304,3,1
6305,3,1
6306,3,1
6307,3,1
6308,3,1
6309,1,1
6310,3,1
6311,3,1
6312,3,1
6313,3,1
6314,3,1
6315,1,1
6316,3,1
6317,3,1
6318,3,1
6319,1,1
6320,1,1
6321,3,1
6322,3,1
6323,3,1
6324,3,1
6325,1,1
6326,3,1
6327,3,1
6328,3,1
6329,3,1
6330,3,1
6331,3,1
6332,3,1
6333,3,1
6334,2,1
6335,1,1
6336,3,1
6337,3,1
6338,1,1
6339,1,1
6340,1,1
6341,3,1
6342,1,1
6343,3,1
6344,1,1
6345,1,1
6346,1,1
6347,1,1
6348,3,1
6349,1,1
6350,1,1
6351,1,1
6352,1,1
6353,1,1
6354,1,1
6355,1,1
6356,1,1
6357,1,1
6358,1,1
6359,1,1
6360,1,1
6361,1,1
6362,1,1
6363,1,1
6364,1,1
6365,1,1
6366,1,1
6367,1,1
6368,1,1
6369,1,1
6370,1,1
6371,1,1
6372,1,1
6373,1,1
6374,1,1
6375,1,1
6376,1,1
6377,1,1
6378,1,1
6379,1,1
6380,1,1
6381,1,1
6382,1,1
6383,1,1
6384,1,1
6385,1,1
6386,1,1
6387,1,1
6388,1,1
6389,1,1
6390,1,1
6391,1,1
6392,1,1
6393,1,1
6394,1,1
6395,1,1
6396,1,1
6397,1,1
6398,1,1
6399,1,1
6400,1,1
6401,1,1
6402,1,1
6403,3,1
6404,1,1
6405,1,1
6406,1,1
6407,1,1
6408,1,1
6409,1,1
6410,1,1
6411,1,1
6412,1,1
6413,1,1
6414,1,1
6415,1,1
6416,1,1
6417,1,1
6418,1,1
6419,1,1
6420,1,1
6421,1,1
6422,1,1
6423,1,1
6424,1,1
6425,1,1
6426,1,1
6427,1,1
6428,1,1
6429,3,1
6430,3,1
6431,1,1
6432,3,2
6433,1,2
6434,3,2
6435,1,2
6436,1,2
6437,2,2
6438,3,2
6439,3,2
6440,3,2
6441,1,2
6442,1,1
6443,1,1
6444,1,1
6445,1,1
6446,1,1
6447,3,1
6448,3,1
6449,3,1
6450,3,1
6451,3,1
6452,3,1
6453,3,1
6454,1,1
6455,3,1
6456,1,1
6457,1,1
6458,3,1
6459,1,1
6460,1,1
6461,1,4
6462,3,4
6463,3,4
6464,3,4
6465,3,4
6466,3,4
6467,1,4
6468,1,4
6469,3,4
6470,1,4
6471,1,2
6472,3,2
6473,3,2
6474,2,2
6475,3,2
6476,3,2
6477,3,2
6478,3,2
6479,2,2
6480,3,2
6481,3,2
6482,2,2
6483,1,2
6484,3,2
6485,3,2
6486,3,2
6487,3,2
6488,3,2
6489,3,2
6490,3,2
6491,3,1
6492,3,1
6493,3,1
6494,3,1
6495,3,1
6496,1,1
6497,1,1
6498,1,1
6499,1,1
6500,1,1
6501,1,1
6502,1,1
6503,1,1
6504,1,1
6505,1,1
6506,1,1
6507,1,1
6508,1,1
6509,1,1
6510,1,1
6511,1,1
6512,1,1
6513,1,1
6514,1,1
6515,1,1
6516,1,1
6517,1,1
6518,1,1
6519,1,1
6520,1,1
6521,1,1
6522,1,1
6523,1,1
6524,1,1
6525,1,1
6526,1,1
6527,1,1
6528,1,1
6529,1,1
6530,1,1
6531,1,1
6532,1,1
6533,1,1
6534,1,1
6535,1,1
6536,1,1
6537,1,1
6538,1,1
6539,1,1
6540,1,1
6541,1,1
6542,1,1
6543,1,1
6544,1,1
6545,1,1
6546,1,1
6547,1,1
6548,1,1
6549,1,1
6550,1,1
6551,1,1
6552,1,1
6553,1,1
6554,1,1
6555,1,1
6556,1,1
6557,1,1
6558,1,1
6559,1,1
6560,1,1
6561,1,1
6562,1,1
6563,1,1
6564,1,1
6565,1,1
6566,1,1
6567,1,1
6568,1,1
6569,1,1
6570,1,1
6571,1,1
6572,1,1
6573,1,1
6574,1,1
6575,1,1
6576,1,1
6577,1,1
6578,1,1
6579,1,1
6580,1,1
6581,1,1
6582,1,1
6583,1,1
6584,1,1
6585,1,1
6586,1,1
6587,3,1
6588,1,1
6589,1,1
6590,1,1
6591,1,1
6592,1,1
6593,1,1
6594,1,1
6595,1,1
6596,1,1
6597,1,1
6598,1,1
6599,1,1
6600,1,1
6601,1,1
6602,1,1
6603,1,1
6604,1,1
6605,1,1
6606,1,1
6607,1,1
6608,1,1
6609,1,1
6610,1,1
6611,1,1
6612,1,1
6613,1,1
6614,1,1
6615,1,1
6616,1,1
6617,3,1
6618,1,1
6619,3,1
6620,3,1
6621,1,1
6622,1,1
6623,1,1
6624,1,1
6625,1,1
6626,1,1
6627,3,1
6628,1,1
6629,3,1
6630,3,1
6631,1,1
6632,1,1
6633,1,1
6634,1,1
6635,1,1
6636,1,1
6637,1,1
6638,1,1
6639,1,1
6640,1,1
6641,1,1
6642,1,1
6643,3,1
6644,1,1
6645,1,1
6646,1,1
6647,1,1
6648,1,1
6649,1,1
6650,1,1
6651,1,1
6652,1,1
6653,1,1
6654,1,1
6655,1,1
6656,1,1
6657,1,1
6658,1,1
6659,1,1
6660,1,1
6661,1,1
6662,1,1
6663,1,1
6664,3,1
6665,1,1
6666,3,1
6667,1,1
6668,1,1
6669,1,1
6670,1,1
6671,1,1
6672,1,1
6673,1,1
6674,1,1
6675,1,1
6676,1,1
6677,1,1
6678,1,1
6679,1,1
6680,1,1
6681,1,1
6682,1,1
6683,1,1
6684,1,1
6685,2,1
6686,1,1
6687,1,1
6688,1,1
6689,1,1
6690,1,1
6691,1,1
6692,1,1
6693,1,1
6694,1,1
6695,1,1
6696,1,1
6697,1,1
6698,1,1
6699,1,1
6700,1,1
6701,1,1
6702,1,1
6703,1,1
6704,1,1
6705,1,1
6706,1,1
6707,1,1
6708,1,1
6709,1,1
6710,1,1
6711,1,1
6712,1,1
6713,1,1
6714,1,1
6715,1,1
6716,1,1
6717,1,1
6718,1,1
6719,1,1
6720,1,1
6721,1,1
6722,1,1
6723,1,1
6724,1,1
6725,1,1
6726,1,1
6727,3,1
6728,3,1
6729,1,1
6730,1,1
6731,1,3
6732,1,3
6733,1,3
6734,1,3
6735,1,1
6736,1,1
6737,3,1
6738,1,1
6739,3,1
6740,1,1
6741,1,1
6742,1,1
6743,1,1
6744,3,1
6745,3,1
6746,3,1
6747,3,1
6748,3,1
6749,3,1
6750,1,1
6751,1,1
6752,1,1
6753,3,1
6754,1,1
6755,3,1
6756,1,1
6757,2,1
6758,1,1
6759,3,1
6760,3,1
6761,2,1
6762,3,1
6763,1,1
6764,1,1
6765,1,1
6766,3,1
6767,1,1
6768,3,1
6769,3,1
6770,1,1
6771,1,1
6772,2,1
6773,1,1
6774,1,1
6775,1,1
6776,1,1
6777,3,1
6778,1,1
6779,1,1
6780,1,2
6781,3,2
6782,2,2
6783,1,2
6784,3,2
6785,1,2
6786,1,2
6787,2,2
6788,1,1
6789,1,1
6790,1,1
6791,1,1
6792,1,1
6793,1,1
6794,3,1
6795,1,1
6796,1,1
6797,3,1
6798,1,1
6799,1,1
6800,3,1
6801,1,1
6802,1,1
6803,1,1
6804,1,1
6805,1,1
6806,1,1
6807,1,1
6808,1,1
6809,3,1
6810,2,1
6811,1,1
6812,3,1
6813,3,1
6814,3,1
6815,3,1
6816,1,1
6817,3,1
6818,1,1
6819,3,2
6820,1,2
6821,1,2
6822,3,2
6823,1,2
6824,2,2
6825,2,2
6826,2,2
6827,2,2
6828,2,2
6829,3,2
6830,3,2
6831,2,2
6832,1,2
6833,3,2
6834,3,2
6835,2,2
6836,2,2
6837,3,2
6838,2,2
6839,3,2
6840,2,2
6841,3,2
6842,2,2
6843,1,2
6844,3,2
6845,3,2
6846,3,2
6847,3,2
6848,3,2
6849,3,2
6850,3,2
6851,3,2
6852,2,2
6853,2,2
6854,2,2
6855,3,2
6856,2,2
6857,2,2
6858,2,2
6859,3,2
6860,2,2
6861,2,2
6862,3,2
6863,3,2
6864,2,2
6865,2,2
6866,2,2
6867,2,2
6868,3,2
6869,3,2
6870,2,2
6871,3,2
6872,3,2
6873,3,2
6874,3,2
6875,2,2
6876,2,2
6877,3,2
6878,3,2
6879,3,2
6880,3,2
6881,2,2
6882,2,2
6883,2,2
6884,3,2
6885,3,2
6886,2,2
6887,3,2
6888,3,2
6889,2,2
6890,2,2
6891,2,2
6892,2,2
6893,3,2
6894,2,2
6895,1,1
6896,3,1
6897,1,1
6898,1,1
6899,1,1
6900,1,1
6901,1,1
6902,1,1
6903,1,1
6904,1,1
6905,1,1
6906,1,1
6907,1,1
6908,1,1
6909,1,1
6910,3,1
6911,1,1
6912,1,1
6913,1,1
6914,1,1
6915,1,1
6916,3,1
6917,1,1
6918,2,2
6919,2,2
6920,2,2
6921,2,2
6922,2,2
6923,3,2
6924,2,2
6925,2,2
6926,3,2
6927,2,2
6928,3,2
6929,2,2
6930,2,2
6931,2,2
6932,2,2
6933,2,2
6934,3,2
6935,2,2
6936,2,2
6937,2,2
6938,3,2
6939,3,2
6940,3,2
6941,3,2
6942,2,2
6943,3,2
6944,3,2
6945,3,2
6946,3,2
6947,3,2
6948,3,2
6949,3,2
6950,2,2
6951,3,2
6952,2,2
6953,3,2
6954,3,2
6955,3,2
6956,2,2
6957,2,2
6958,3,2
6959,3,2
6960,3,2
6961,2,2
6962,3,2
6963,2,2
6964,2,2
6965,2,2
6966,3,2
6967,3,2
6968,3,2
6969,2,2
6970,3,2
6971,3,1
6972,3,1
6973,3,1
6974,3,1
6975,3,1
6976,1,1
6977,1,1
6978,3,1
6979,1,1
6980,1,1
6981,3,1
6982,1,1
6983,1,1
6984,1,1
6985,1,1
6986,1,1
6987,1,1
6988,3,1
6989,1,1
6990,1,1
6991,1,1
6992,1,1
6993,1,1
6994,1,1
6995,1,1
6996,1,1
6997,1,1
6998,1,1
6999,1,1
7000,1,1
7001,1,1
7002,1,1
7003,1,1
7004,1,1
7005,1,1
7006,1,1
7007,1,1
7008,1,1
7009,1,1
7010,1,1
7011,3,1
7012,1,1
7013,1,1
7014,1,1
7015,1,1
7016,1,1
7017,1,1
7018,1,1
7019,1,1
7020,1,1
7021,1,1
7022,1,1
7023,1,1
7024,1,1
7025,1,1
7026,1,1
7027,1,1
7028,1,1
7029,1,1
7030,1,1
7031,1,1
7032,1,1
7033,1,1
7034,1,1
7035,1,1
7036,1,1
7037,1,1
7038,1,1
7039,1,1
7040,1,1
7041,1,1
7042,1,1
7043,1,1
7044,1,1
7045,1,1
7046,1,1
7047,1,1
7048,1,1
7049,1,1
7050,1,1
7051,1,1
7052,1,1
7053,1,1
7054,1,1
7055,1,1
7056,1,1
7057,1,1
7058,1,1
7059,1,1
7060,1,1
7061,1,1
7062,1,1
7063,1,1
7064,1,1
7065,1,1
7066,1,1
7067,1,1
7068,1,1
7069,1,1
7070,1,1
7071,1,1
7072,1,1
7073,1,1
7074,1,1
7075,1,1
7076,1,1
7077,1,1
7078,1,1
7079,1,1
7080,1,1
7081,1,1
7082,1,1
7083,1,1
7084,1,1
7085,1,1
7086,1,1
7087,1,1
7088,1,1
7089,1,1
7090,1,1
7091,1,1
7092,1,1
7093,1,1
7094,1,1
7095,3,1
7096,1,1
7097,1,1
7098,1,1
7099,1,1
7100,1,1
7101,1,1
7102,1,1
7103,1,1
7104,1,1
7105,1,1
7106,3,3
7107,1,3
7108,3,3
7109,1,3
7110,1,3
7111,1,3
7112,1,3
7113,3,3
7114,1,3
7115,1,3
7116,1,3
7117,1,3
7118,3,1
7119,3,1
7120,3,1
7121,3,1
7122,3,1
7123,3,1
7124,3,1
7125,1,1
7126,1,1
7127,3,1
7128,3,1
7129,3,1
7130,3,1
7131,1,1
7132,1,1
7133,3,1
7134,3,1
7135,3,1
7136,1,1
7137,1,1
7138,1,1
7139,1,1
7140,3,1
7141,1,1
7142,3,1
7143,3,1
7144,1,1
7145,3,1
7146,3,4
7147,3,4
7148,3,4
7149,3,4
7150,2,4
7151,3,4
7152,3,4
7153,3,4
7154,1,1
7155,2,1
7156,2,1
7157,1,1
7158,1,1
7159,1,1
7160,1,1
7161,1,1
7162,1,1
7163,1,1
7164,1,1
7165,3,1
7166,3,1
7167,3,1
7168,1,1
7169,1,1
7170,3,1
7171,3,1
7172,3,1
7173,3,1
7174,3,1
7175,3,1
7176,3,1
7177,3,1
7178,3,1
7179,3,1
7180,3,1
7181,3,1
7182,3,1
7183,3,1
7184,3,1
7185,3,1
7186,3,1
7187,1,1
7188,3,1
7189,3,1
7190,1,1
7191,3,1
7192,3,1
7193,3,1
7194,3,1
7195,3,1
7196,3,1
7197,3,1
7198,3,1
7199,1,1
7200,3,1
7201,3,1
7202,3,1
7203,3,1
7204,3,1
7205,3,1
7206,3,1
7207,3,1
7208,3,1
7209,3,1
7210,3,1
7211,3,1
7212,3,1
7213,3,1
7214,3,1
7215,3,1
7216,3,1
7217,3,1
7218,3,1
7219,3,1
7220,3,1
7221,3,1
7222,3,1
7223,3,1
7224,1,1
7225,3,1
7226,3,1
7227,3,1
7228,3,1
7229,3,1
7230,1,1
7231,3,1
7232,3,1
7233,3,1
7234,3,1
7235,3,1
7236,3,1
7237,3,1
7238,3,1
7239,3,1
7240,3,1
7241,2,1
7242,3,1
7243,1,1
7244,2,0
7245,3,0
7246,2,0
7247,2,0
7248,3,0
7249,3,0
7250,3,2
7251,2,2
7252,3,2
7253,2,2
7254,3,2
7255,2,2
7256,2,2
7257,2,2
7258,3,2
7259,3,2
7260,2,2
7261,2,2
7262,2,2
7263,2,2
7264,2,2
7265,2,2
7266,2,2
7267,2,2
7268,3,2
7269,2,2
7270,3,2
7271,3,2
7272,3,2
7273,3,2
7274,3,2
7275,3,2
7276,3,2
7277,3,2
7278,3,2
7279,3,2
7280,3,2
7281,1,2
7282,3,2
7283,2,2
7284,2,2
7285,3,2
7286,3,2
7287,2,2
7288,2,2
7289,3,2
7290,2,2
7291,2,2
7292,3,2
7293,3,2
7294,3,2
7295,3,2
7296,2,2
7297,3,2
7298,2,2
7299,3,2
7300,2,2
7301,2,2
7302,2,2
7303,3,2
7304,3,2
7305,2,1
7306,3,1
7307,3,1
7308,3,1
7309,3,1
7310,3,1
7311,1,1
7312,1,1
7313,3,1
7314,3,1
7315,3,1
7316,3,1
7317,3,1
7318,1,1
7319,1,1
7320,1,1
7321,1,1
7322,1,1
7323,1,1
7324,3,1
7325,1,1
7326,1,1
7327,1,1
7328,1,1
7329,1,1
7330,1,1
7331,1,1
7332,1,1
7333,1,1
7334,1,1
7335,1,1
7336,1,1
7337,1,1
7338,1,1
7339,1,1
7340,1,1
7341,3,1
7342,1,1
7343,1,1
7344,1,1
7345,3,1
7346,1,1
7347,1,1
7348,1,1
7349,3,1
7350,1,1
7351,1,1
7352,1,1
7353,3,1
7354,3,1
7355,3,1
7356,3,1
7357,3,1
7358,2,1
7359,2,1
7360,3,1
7361,1,1
7362,3,1
7363,2,1
7364,1,1
7365,1,1
7366,1,1
7367,1,1
7368,1,1
7369,2,4
7370,3,4
7371,2,4
7372,3,4
7373,3,4
7374,3,4
7375,2,4
7376,3,4
7377,3,4
7378,3,4
7379,2,4
7380,3,1
7381,3,1
7382,3,1
7383,3,1
7384,3,1
7385,3,1
7386,3,1
7387,3,1
7388,3,1
7389,1,1
7390,3,1
7391,1,1
7392,1,1
7393,2,1
7394,3,1
7395,1,1
7396,1,1
7397,3,3
7398,2,3
7399,3,3
7400,3,2
7401,3,2
7402,3,2
7403,3,2
7404,3,2
7405,2,2
7406,3,2
7407,2,2
7408,3,2
7409,3,4
7410,2,4
7411,2,4
7412,2,4
7413,3,4
7414,3,4
7415,3,4
7416,2,4
7417,2,2
7418,2,2
7419,2,2
7420,3,2
7421,3,2
7422,3,2
7423,3,2
7424,3,2
7425,3,2
7426,3,2
7427,1,2
7428,3,2
7429,2,2
7430,2,2
7431,2,2
7432,3,2
7433,2,2
7434,2,2
7435,2,2
7436,2,2
7437,2,2
7438,2,2
7439,3,2
7440,2,2
7441,3,2
7442,3,2
7443,3,1
7444,3,1
7445,3,1
7446,1,1
7447,3,1
7448,3,1
7449,1,1
7450,1,1
7451,3,1
7452,3,1
7453,1,1
7454,3,1
7455,1,1
7456,3,1
7457,3,1
7458,1,1
7459,1,1
7460,1,1
7461,1,1
7462,3,1
7463,1,1
7464,1,1
7465,1,1
7466,1,1
7467,1,1
7468,1,1
7469,1,1
7470,1,1
7471,1,1
7472,1,1
7473,1,1
7474,1,1
7475,1,1
7476,1,1
7477,1,1
7478,1,1
7479,1,1
7480,1,1
7481,1,1
7482,3,1
7483,3,1
7484,1,1
7485,1,1
7486,1,1
7487,1,1
7488,1,1
7489,1,1
7490,1,1
7491,1,1
7492,1,1
7493,1,1
7494,1,1
7495,1,1
7496,1,1
7497,1,1
7498,1,1
7499,1,1
7500,1,1
7501,1,1
7502,1,1
7503,1,1
7504,1,1
7505,1,1
7506,1,1
7507,1,1
7508,1,1
7509,1,1
7510,1,1
7511,1,1
7512,1,1
7513,1,1
7514,1,1
7515,1,1
7516,1,1
7517,1,1
7518,1,1
7519,1,1
7520,1,1
7521,1,1
7522,1,1
7523,1,1
7524,1,1
7525,1,1
7526,1,1
7527,1,1
7528,1,1
7529,1,1
7530,1,1
7531,1,1
7532,1,1
7533,1,1
7534,1,1
7535,1,1
7536,1,1
7537,1,1
7538,1,1
7539,1,1
7540,1,1
7541,1,1
7542,1,1
7543,1,1
7544,1,1
7545,1,1
7546,1,1
7547,1,1
7548,1,1
7549,1,1
7550,1,1
7551,1,2
7552,1,2
7553,1,2
7554,3,2
7555,3,2
7556,3,2
7557,3,2
7558,1,2
7559,3,2
7560,1,2
7561,1,2
7562,1,2
7563,1,2
7564,1,2
7565,1,2
7566,1,2
7567,3,2
7568,1,2
7569,3,2
7570,3,2
7571,3,2
7572,1,2
7573,1,2
7574,1,2
7575,2,2
7576,1,2
7577,3,2
7578,3,1
7579,3,1
7580,1,1
7581,2,1
7582,3,1
7583,3,1
7584,3,1
7585,3,1
7586,3,1
7587,3,1
7588,3,1
7589,3,1
7590,3,1
7591,3,1
7592,3,1
7593,3,1
7594,1,1
7595,3,1
7596,3,1
7597,3,1
7598,3,1
7599,1,1
7600,3,1
7601,1,1
7602,1,1
7603,3,1
7604,1,1
7605,3,1
7606,3,1
7607,3,1
7608,1,1
7609,1,1
7610,3,1
7611,3,1
7612,1,1
7613,1,1
7614,3,1
7615,1,1
7616,1,1
7617,3,1
7618,3,1
7619,1,1
7620,1,1
7621,1,1
7622,1,1
7623,1,1
7624,3,1
7625,1,1
7626,1,1
7627,1,1
7628,1,1
7629,1,1
7630,1,1
7631,3,1
7632,1,1
7633,1,1
7634,1,1
7635,1,1
7636,1,1
7637,1,1
7638,1,1
7639,1,1
7640,1,1
7641,1,1
7642,1,1
7643,1,1
7644,1,1
7645,1,1
7646,1,1
7647,1,1
7648,1,1
7649,1,1
7650,1,1
7651,1,1
7652,1,1
7653,1,1
7654,1,1
7655,1,1
7656,1,1
7657,1,1
7658,1,1
7659,1,1
7660,1,1
7661,1,1
7662,1,1
7663,1,1
7664,1,1
7665,1,1
7666,1,1
7667,1,1
7668,1,1
7669,1,1
7670,1,1
7671,3,1
7672,1,1
7673,1,1
7674,1,1
7675,1,1
7676,1,1
7677,2,1
7678,1,1
7679,1,1
7680,1,1
7681,1,1
7682,1,1
7683,1,1
7684,1,1
7685,1,1
7686,1,1
7687,1,1
7688,1,1
7689,1,1
7690,1,1
7691,1,1
7692,1,1
7693,3,1
7694,1,1
7695,3,1
7696,1,1
7697,1,1
7698,1,1
7699,1,1
7700,1,1
7701,1,1
7702,1,1
7703,3,1
7704,3,1
7705,1,1
7706,1,1
7707,1,1
7708,1,1
7709,1,1
7710,1,1
7711,1,1
7712,1,1
7713,1,1
7714,1,1
7715,1,1
7716,1,1
7717,1,1
7718,1,1
7719,3,1
7720,1,1
7721,1,1
7722,1,1
7723,1,1
7724,1,1
7725,1,1
7726,1,1
7727,1,1
7728,1,1
7729,1,1
7730,1,1
7731,1,1
7732,3,1
7733,1,1
7734,1,1
7735,1,1
7736,1,1
7737,3,1
7738,1,1
7739,3,1
7740,3,1
7741,1,1
7742,3,1
7743,3,1
7744,3,1
7745,3,1
7746,1,1
7747,3,1
7748,1,1
7749,3,1
7750,1,1
7751,3,1
7752,3,1
7753,1,1
7754,3,1
7755,3,1
7756,1,1
7757,3,4
7758,3,4
7759,3,4
7760,3,4
7761,3,4
7762,3,4
7763,3,4
7764,1,2
7765,1,2
7766,1,2
7767,1,2
7768,3,2
7769,1,2
7770,3,2
7771,1,2
7772,1,2
7773,3,2
7774,1,2
7775,3,2
7776,3,2
7777,1,2
7778,3,2
7779,3,2
7780,1,2
7781,3,2
7782,3,2
7783,2,2
7784,3,2
7785,3,2
7786,3,2
7787,3,2
7788,3,2
7789,3,2
7790,3,2
7791,3,2
7792,3,2
7793,3,2
7794,2,2
7795,3,2
7796,3,2
7797,3,2
7798,3,2
7799,3,2
7800,3,2
7801,3,2
7802,2,2
7803,3,2
7804,3,2
7805,3,2
7806,3,2
7807,3,2
7808,3,2
7809,3,2
7810,3,4
7811,3,4
7812,3,4
7813,3,1
7814,3,1
7815,3,1
7816,3,1
7817,1,1
7818,2,1
7819,1,1
7820,1,1
7821,1,1
7822,1,1
7823,1,1
7824,1,1
7825,1,1
7826,1,1
7827,3,1
7828,1,1
7829,1,1
7830,1,1
7831,1,1
7832,2,1
7833,1,1
7834,1,1
7835,1,1
7836,1,1
7837,1,1
7838,1,1
7839,1,1
7840,1,1
7841,1,1
7842,1,1
7843,1,1
7844,1,1
7845,1,1
7846,1,1
7847,1,1
7848,1,1
7849,1,1
7850,1,1
7851,1,1
7852,1,1
7853,1,1
7854,1,1
7855,1,1
7856,1,1
7857,1,1
7858,1,1
7859,1,1
7860,1,1
7861,1,1
7862,1,1
7863,1,1
7864,1,1
7865,1,0
7866,1,0
7867,3,0
7868,1,0
7869,1,0
7870,1,0
7871,1,0
7872,3,0
7873,1,0
7874,1,0
7875,3,0
7876,3,0
7877,1,0
7878,1,4
7879,1,4
7880,3,4
7881,3,4
7882,3,4
7883,1,4
7884,1,4
7885,1,4
7886,1,4
7887,3,4
7888,3,4
7889,1,4
7890,3,4
7891,3,4
7892,3,4
7893,3,4
7894,3,4
7895,3,4
7896,3,4
7897,1,4
7898,3,4
7899,1,4
7900,1,2
7901,3,2
7902,3,2
7903,3,2
7904,3,2
7905,3,2
7906,3,2
7907,3,2
7908,3,2
7909,3,2
7910,3,2
7911,3,2
7912,3,2
7913,3,2
7914,3,2
7915,3,2
7916,1,2
7917,3,2
7918,2,2
7919,3,2
7920,3,2
7921,3,2
7922,3,2
7923,3,2
7924,3,2
7925,3,2
7926,3,2
7927,3,4
7928,3,4
7929,1,4
7930,3,4
7931,1,4
7932,3,4
7933,3,4
7934,3,4
7935,3,4
7936,3,4
7937,3,4
7938,3,4
7939,3,4
7940,3,4
7941,3,4
7942,3,1
7943,3,1
7944,3,1
7945,3,1
7946,3,1
7947,3,1
7948,1,1
7949,1,1
7950,3,1
7951,3,1
7952,3,1
7953,3,1
7954,1,1
7955,3,1
7956,1,1
7957,3,1
7958,3,1
7959,3,1
7960,1,1
7961,1,1
7962,3,1
7963,3,1
7964,1,1
7965,3,1
7966,1,1
7967,1,1
7968,1,1
7969,3,1
7970,1,1
7971,1,1
7972,1,1
7973,3,1
7974,3,1
7975,1,1
7976,3,1
7977,1,2
7978,3,2
7979,3,2
7980,3,2
7981,1,2
7982,3,2
7983,3,2
7984,3,2
7985,3,2
7986,3,2
7987,3,2
7988,3,2
7989,2,2
7990,3,2
7991,3,2
7992,3,2
7993,3,2
7994,3,2
7995,3,2
7996,3,2
7997,3,2
7998,1,2
7999,3,2
8000,3,2
8001,3,2
8002,3,2
8003,3,2
8004,3,2
8005,3,2
8006,3,2
8007,3,2
8008,3,2
8009,3,2
8010,3,2
8011,3,2
8012,3,2
8013,3,2
8014,3,2
8015,3,2
8016,3,2
8017,3,2
8018,3,2
8019,3,2
8020,3,2
8021,3,2
8022,3,2
8023,3,2
8024,3,2
8025,2,2
8026,3,2
8027,3,2
8028,3,2
8029,2,2
8030,3,2
8031,3,2
8032,3,2
8033,2,2
8034,3,2
8035,3,2
8036,3,2
8037,2,2
8038,3,2
8039,2,2
8040,2,2
8041,2,2
8042,3,2
8043,2,2
8044,2,2
8045,2,2
8046,3,2
8047,3,2
8048,3,2
8049,3,2
8050,3,2
8051,2,2
8052,3,2
8053,3,2
8054,2,2
8055,3,2
8056,2,2
8057,3,2
8058,3,2
8059,2,2
8060,3,2
8061,3,2
8062,2,2
8063,3,2
8064,1,2
8065,3,2
8066,2,2
8067,2,2
8068,2,2
8069,3,2
8070,3,2
8071,2,2
8072,3,2
8073,2,2
8074,3,2
8075,3,2
8076,3,2
8077,3,2
8078,3,2
8079,3,2
8080,3,1
8081,3,1
8082,3,1
8083,3,1
8084,3,1
8085,3,1
8086,3,1
8087,3,1
8088,3,1
8089,3,1
8090,3,1
8091,3,1
8092,3,1
8093,3,1
8094,3,1
8095,1,1
8096,1,1
8097,3,1
8098,1,1
8099,1,1
8100,1,1
8101,1,1
8102,3,1
8103,3,1
8104,1,1
8105,1,1
8106,1,1
8107,1,1
8108,1,1
8109,3,1
8110,1,1
8111,1,1
8112,3,1
8113,1,1
8114,1,1
8115,1,1
8116,3,1
8117,3,1
8118,1,1
8119,3,1
8120,1,1
8121,1,1
8122,3,1
8123,3,1
8124,1,1
8125,1,1
8126,1,1
8127,1,1
8128,1,1
8129,3,1
8130,1,1
8131,1,1
8132,1,1
8133,3,1
8134,3,1
8135,1,3
8136,1,3
8137,1,1
8138,1,1
8139,1,1
8140,1,1
8141,1,1
8142,1,1
8143,1,1
8144,1,1
8145,1,1
8146,1,1
8147,1,1
8148,1,1
8149,1,1
8150,1,1
8151,1,1
8152,1,1
8153,1,1
8154,1,1
8155,3,1
8156,1,1
8157,1,1
8158,1,1
8159,1,1
8160,1,1
8161,1,1
8162,1,1
8163,1,1
8164,1,1
8165,1,1
8166,1,1
8167,1,1
8168,1,1
8169,1,1
8170,1,1
8171,1,1
8172,1,1
8173,1,1
8174,1,1
8175,1,1
8176,1,1
8177,1,1
8178,1,1
8179,1,1
8180,1,1
8181,1,1
8182,1,1
8183,3,1
8184,1,1
8185,1,1
8186,1,1
8187,1,1
8188,1,1
8189,1,1
8190,1,1
8191,1,1
8192,1,1
8193,1,1
8194,1,1
8195,1,1
8196,1,1
8197,1,1
8198,1,1
8199,1,1
8200,1,1
8201,1,1
8202,1,1
8203,1,1
8204,1,1
8205,1,1
8206,1,1
8207,1,1
8208,1,1
8209,1,1
8210,1,1
8211,1,1
8212,1,1
8213,1,1
8214,1,1
8215,1,1
8216,1,1
8217,1,1
8218,1,1
8219,1,1
8220,1,1
8221,1,1
8222,1,1
8223,1,1
8224,1,1
8225,1,1
8226,1,1
8227,1,1
8228,1,1
8229,1,1
8230,1,1
8231,1,1
8232,1,1
8233,1,1
8234,1,1
8235,1,1
8236,1,1
8237,1,1
8238,1,1
8239,1,1
8240,1,1
8241,1,1
8242,1,1
8243,1,1
8244,1,1
8245,1,1
8246,1,1
8247,1,1
8248,1,1
8249,1,1
8250,1,1
8251,1,1
8252,1,1
8253,1,1
8254,1,1
8255,1,1
8256,1,1
8257,1,1
8258,1,1
8259,1,1
8260,1,1
8261,1,1
8262,1,1
8263,1,1
8264,1,1
8265,1,1
8266,1,1
8267,1,1
8268,1,1
8269,1,1
8270,1,1
8271,1,1
8272,1,1
8273,1,1
8274,1,1
8275,1,1
8276,1,1
8277,1,1
8278,1,1
8279,1,1
8280,1,1
8281,1,1
8282,1,1
8283,1,1
8284,1,1
8285,1,1
8286,1,1
8287,1,1
8288,1,1
8289,1,1
8290,1,1
8291,1,1
8292,3,1
8293,1,1
8294,1,1
8295,1,1
8296,1,1
8297,1,1
8298,1,1
8299,1,1
8300,1,1
8301,1,1
8302,1,1
8303,1,1
8304,3,1
8305,1,1
8306,1,1
8307,3,1
8308,1,1
8309,1,1
8310,1,1
8311,1,1
8312,1,1
8313,1,1
8314,1,1
8315,1,1
8316,1,1
8317,1,1
8318,1,1
8319,1,1
8320,1,1
8321,1,1
8322,1,1
8323,1,1
8324,1,1
8325,1,1
8326,1,1
8327,1,1
8328,1,1
8329,1,1
8330,1,1
8331,1,1
8332,1,1
8333,1,1
8334,1,1
8335,1,1
8336,1,1
8337,1,1
8338,1,1
8339,1,1
8340,1,1
8341,1,1
8342,1,1
8343,1,1
8344,1,1
8345,1,1
8346,1,1
8347,1,1
8348,3,1
8349,1,1
8350,1,1
8351,1,1
8352,1,1
8353,1,1
8354,1,1
8355,1,1
8356,1,1
8357,1,1
8358,1,1
8359,1,1
8360,1,1
8361,1,1
8362,1,1
8363,1,1
8364,1,1
8365,1,1
8366,1,1
8367,1,1
8368,1,1
8369,1,1
8370,1,1
8371,1,1
8372,1,1
8373,1,1
8374,1,1
8375,1,1
8376,1,1
8377,1,1
8378,1,1
8379,1,1
8380,1,1
8381,1,1
8382,1,1
8383,1,1
8384,1,1
8385,1,1
8386,1,1
8387,1,1
8388,1,1
8389,1,1
8390,1,1
8391,1,1
8392,1,1
8393,1,1
8394,1,1
8395,1,1
8396,1,1
8397,1,1
8398,1,1
8399,1,1
8400,1,1
8401,1,1
8402,1,1
8403,1,1
8404,1,1
8405,1,1
8406,1,1
8407,1,1
8408,1,1
8409,1,1
8410,1,1
8411,1,1
8412,1,1
8413,1,1
8414,1,1
8415,1,1
8416,1,1
8417,1,1
8418,1,1
8419,1,1
8420,1,1
8421,1,1
8422,1,1
8423,1,1
8424,1,1
8425,1,1
8426,1,1
8427,1,1
8428,1,1
8429,1,1
8430,1,1
8431,1,1
8432,1,1
8433,1,1
8434,1,1
8435,1,1
8436,1,1
8437,1,1
8438,1,1
8439,1,1
8440,1,1
8441,1,1
8442,1,1
8443,1,1
8444,1,1
8445,1,1
8446,1,1
8447,1,1
8448,1,1
8449,1,1
8450,1,1
8451,1,1
8452,1,1
8453,2,1
8454,1,1
8455,1,3
8456,1,3
8457,1,3
8458,1,3
8459,1,1
8460,1,1
8461,1,1
8462,1,1
8463,1,1
8464,1,1
8465,1,1
8466,1,1
8467,1,1
8468,1,1
8469,1,1
8470,1,1
8471,1,1
8472,1,1
8473,1,1
8474,1,1
8475,1,1
8476,1,1
8477,1,1
8478,1,1
8479,1,1
8480,1,1
8481,1,1
8482,1,1
8483,1,1
8484,1,1
8485,1,1
8486,1,1
8487,1,1
8488,1,1
8489,1,1
8490,1,1
8491,1,1
8492,1,1
8493,1,1
8494,1,1
8495,1,1
8496,1,2
8497,3,2
8498,1,2
8499,1,2
8500,1,2
8501,1,2
8502,1,2
8503,1,2
8504,1,2
8505,1,2
8506,1,2
8507,1,2
8508,1,2
8509,1,2
8510,1,2
8511,3,2
8512,3,2
8513,3,1
8514,3,1
8515,3,1
8516,3,1
8517,3,1
8518,3,1
8519,2,1
8520,3,1
8521,3,1
8522,3,1
8523,3,1
8524,3,1
8525,3,1
8526,3,1
8527,3,1
8528,2,1
8529,3,1
8530,3,1
8531,3,1
8532,3,1
8533,3,1
8534,1,1
8535,3,1
8536,1,1
8537,1,1
8538,1,1
8539,1,1
8540,1,1
8541,1,1
8542,1,1
8543,1,1
8544,1,1
8545,1,1
8546,1,1
8547,1,1
8548,1,1
8549,1,1
8550,1,1
8551,1,1
8552,1,1
8553,1,1
8554,1,1
8555,2,1
8556,1,1
8557,1,1
8558,3,1
8559,1,1
8560,1,1
8561,1,1
8562,1,1
8563,1,1
8564,1,1
8565,1,1
8566,1,1
8567,1,1
8568,1,1
8569,1,1
8570,1,1
8571,1,1
8572,1,1
8573,1,1
8574,1,1
8575,1,1
8576,1,1
8577,1,1
8578,1,1
8579,1,1
8580,1,1
8581,1,1
8582,1,1
8583,1,1
8584,1,1
8585,1,1
8586,1,1
8587,1,1
8588,1,1
8589,1,1
8590,1,1
8591,1,1
8592,1,1
8593,1,1
8594,1,1
8595,1,1
8596,1,1
8597,1,1
8598,1,1
8599,1,1
8600,1,1
8601,1,1
8602,1,1
8603,1,1
8604,1,1
8605,1,1
8606,1,1
8607,1,1
8608,1,1
8609,1,1
8610,1,1
8611,1,1
8612,1,1
8613,1,1
8614,2,1
8615,1,1
8616,1,1
8617,1,1
8618,1,1
8619,1,1
8620,1,1
8621,3,1
8622,1,1
8623,1,1
8624,1,1
8625,1,1
8626,1,1
8627,1,1
8628,1,1
8629,1,1
8630,1,1
8631,1,1
8632,1,1
8633,1,1
8634,1,1
8635,1,1
8636,1,1
8637,1,1
8638,1,1
8639,1,1
8640,1,1
8641,1,1
8642,2,1
8643,1,1
8644,1,1
8645,1,1
8646,1,1
8647,1,1
8648,1,1
8649,1,1
8650,1,1
8651,1,1
8652,1,1
8653,1,1
8654,1,1
8655,1,1
8656,1,1
8657,1,1
8658,1,1
8659,1,1
8660,1,1
8661,1,1
8662,3,1
8663,3,1
8664,1,1
8665,3,1
8666,1,1
8667,3,1
8668,3,1
8669,3,1
8670,3,1
8671,3,1
8672,2,0
8673,2,2
8674,3,2
8675,2,2
8676,2,2
8677,2,2
8678,2,2
8679,2,2
8680,2,2
8681,2,2
8682,3,2
8683,3,2
8684,3,2
8685,3,2
8686,3,2
8687,3,2
8688,3,2
8689,3,2
8690,3,2
8691,3,2
8692,3,2
8693,3,2
8694,3,1
8695,1,1
8696,1,1
8697,1,1
8698,1,1
8699,1,1
8700,1,1
8701,1,1
8702,3,1
8703,1,1
8704,1,1
8705,1,1
8706,1,1
8707,1,1
8708,1,1
8709,1,1
8710,1,1
8711,1,1
8712,1,1
8713,1,1
8714,1,1
8715,3,1
8716,3,1
8717,1,1
8718,3,1
8719,3,1
8720,1,2
8721,2,2
8722,3,2
8723,3,2
8724,3,4
8725,3,4
8726,3,4
8727,3,4
8728,3,4
8729,3,4
8730,1,1
8731,1,1
8732,2,1
8733,1,1
8734,1,1
8735,3,1
8736,1,1
8737,1,1
8738,3,1
8739,1,1
8740,1,1
8741,1,1
8742,1,1
8743,1,1
8744,1,1
8745,3,1
8746,3,1
8747,3,1
8748,1,1
8749,1,1
8750,1,1
8751,1,1
8752,3,1
8753,3,1
8754,3,1
8755,3,1
8756,3,1
8757,1,1
8758,1,1
8759,1,1
8760,1,1
8761,1,1
8762,3,1
8763,1,1
8764,3,1
8765,1,1
8766,3,1
8767,3,1
8768,3,1
8769,3,1
8770,3,1
8771,3,1
8772,3,1
8773,1,1
8774,3,1
8775,3,1
8776,3,1
8777,3,1
8778,3,1
8779,3,1
8780,3,1
8781,3,1
8782,1,1
8783,1,1
8784,1,1
8785,1,1
8786,3,1
8787,3,1
8788,3,1
8789,1,1
8790,3,1
8791,1,1
8792,3,1
8793,1,1
8794,3,1
8795,1,1
8796,1,1
8797,3,1
8798,1,1
8799,3,1
8800,3,4
8801,3,4
8802,1,4
8803,3,4
8804,3,4
8805,3,1
8806,3,1
8807,3,1
8808,1,1
8809,1,1
8810,1,1
8811,3,1
8812,1,1
8813,1,1
8814,1,1
8815,3,1
8816,3,1
8817,1,1
8818,3,1
8819,3,1
8820,1,1
8821,1,4
8822,1,4
8823,3,1
8824,1,1
8825,3,1
8826,1,1
8827,1,1
8828,3,1
8829,2,1
8830,3,1
8831,3,1
8832,3,1
8833,3,1
8834,3,2
8835,3,2
8836,3,1
8837,1,1
8838,1,1
8839,1,1
8840,3,1
8841,3,1
8842,1,1
8843,3,1
8844,3,1
8845,3,1
8846,3,1
8847,1,1
8848,1,1
8849,1,1
8850,1,1
8851,1,1
8852,2,1
8853,1,1
8854,1,1
8855,1,1
8856,3,1
8857,1,1
8858,3,1
8859,1,1
8860,3,1
8861,1,1
8862,1,1
8863,1,1
8864,1,1
8865,1,1
8866,1,1
8867,1,1
8868,1,1
8869,1,1
8870,1,1
8871,1,1
8872,1,1
8873,1,1
8874,1,1
8875,1,1
8876,1,1
8877,1,1
8878,1,1
8879,1,1
8880,1,1
8881,1,1
8882,1,1
8883,3,1
8884,1,4
8885,3,4
8886,3,4
8887,1,4
8888,1,4
8889,2,4
8890,1,4
8891,2,4
8892,3,4
8893,1,4
8894,1,4
8895,2,4
8896,1,4
8897,1,4
8898,2,1
8899,1,1
8900,1,1
8901,3,1
8902,3,1
8903,1,1
8904,1,1
8905,1,1
8906,1,1
8907,3,1
8908,1,1
8909,3,1
8910,1,1
8911,1,1
8912,3,1
8913,3,1
8914,1,1
8915,3,1
8916,3,1
8917,3,1
8918,1,1
8919,1,1
8920,1,1
8921,3,1
8922,1,1
8923,1,1
8924,1,1
8925,1,1
8926,1,1
8927,1,1
8928,1,1
8929,1,1
8930,1,1
8931,1,1
8932,1,1
8933,1,1
8934,1,1
8935,1,1
8936,1,1
8937,1,1
8938,1,1
8939,1,1
8940,1,1
8941,1,1
8942,1,1
8943,1,1
8944,1,2
8945,1,2
8946,1,2
8947,1,2
8948,1,2
8949,1,2
8950,1,1
8951,1,1
8952,1,1
8953,1,1
8954,1,1
8955,1,1
8956,1,1
8957,1,1
8958,1,4
8959,1,4
8960,1,4
8961,1,4
8962,3,4
8963,1,4
8964,1,4
8965,3,2
8966,3,2
8967,3,2
8968,3,2
8969,3,2
8970,3,2
8971,3,2
8972,3,2
8973,3,2
8974,3,2
8975,3,2
8976,3,2
8977,2,2
8978,3,2
8979,3,2
8980,2,2
8981,2,2
8982,2,2
8983,2,2
8984,2,2
8985,2,2
8986,3,2
8987,3,2
8988,3,2
8989,3,1
8990,3,1
8991,3,1
8992,1,1
8993,3,1
8994,3,1
8995,3,1
8996,1,1
8997,3,1
8998,3,1
8999,1,1
9000,3,1
9001,1,1
9002,1,1
9003,3,1
9004,3,1
9005,1,1
9006,1,1
9007,1,1
9008,3,1
9009,1,1
9010,1,1
9011,1,1
9012,3,1
9013,3,1
9014,1,1
9015,1,1
9016,1,1
9017,3,1
9018,1,1
9019,3,1
9020,3,1
9021,3,1
9022,3,1
9023,1,1
9024,1,1
9025,1,1
9026,1,1
9027,1,1
9028,3,1
9029,3,1
9030,3,1
9031,1,1
9032,3,1
9033,3,1
9034,1,1
9035,3,1
9036,1,1
9037,1,1
9038,1,1
9039,3,1
9040,3,1
9041,1,1
9042,1,1
9043,1,1
9044,1,1
9045,1,1
9046,1,1
9047,1,1
9048,1,1
9049,1,1
9050,1,1
9051,1,1
9052,1,1
9053,1,1
9054,1,1
9055,1,1
9056,1,1
9057,1,1
9058,1,1
9059,3,1
9060,1,1
9061,1,1
9062,3,1
9063,1,1
9064,1,1
9065,1,1
9066,1,1
9067,1,1
9068,3,1
9069,1,1
9070,1,1
9071,1,1
9072,3,1
9073,1,1
9074,1,1
9075,3,1
9076,3,1
9077,3,1
9078,3,1
9079,3,1
9080,3,1
9081,3,1
9082,3,1
9083,3,1
9084,3,1
9085,3,1
9086,3,1
9087,3,1
9088,3,1
9089,3,1
9090,3,1
9091,3,1
9092,3,1
9093,3,1
9094,3,1
9095,1,1
9096,3,1
9097,3,1
9098,3,1
9099,1,3
